id,category,base,treatment,data_needed,limitation,U,T,S,D,C,M,P,score,scan_score,research_score,readiness,release_gate
ARC-01-01,architecture,Editorial briefing plus entity research,retain four-tab editorial shell,"approved brief, issue, voice, evidence indexes",Refine existing navigation; evidence is still a downstream dependency; reuse stable routes and typography,5,4,5,5,4,5,5,93.6,94.0,92.4,Presentation-ready; substantive content depends on approved corpus,Trust and publication gates in 01-goals-and-rubric.md apply before release
ARC-01-02,architecture,Editorial briefing plus entity research,briefing plus persistent desktop index,"approved brief, issue, voice, evidence indexes",Refine existing navigation; evidence is still a downstream dependency; desktop split pane; mobile sequential fallback,5,4,5,5,4,5,4,92.0,92.8,91.2,Presentation-ready; substantive content depends on approved corpus,Trust and publication gates in 01-goals-and-rubric.md apply before release
ARC-01-03,architecture,Editorial briefing plus entity research,single long research canvas,"approved brief, issue, voice, evidence indexes",Refine existing navigation; evidence is still a downstream dependency; in-page anchors but scroll burden,5,4,4,5,3,5,4,87.2,86.4,86.8,Presentation-ready; substantive content depends on approved corpus,Trust and publication gates in 01-goals-and-rubric.md apply before release
ARC-01-04,architecture,Editorial briefing plus entity research,two-minute/deep-research modes,"approved brief, issue, voice, evidence indexes",Refine existing navigation; evidence is still a downstream dependency; remember mode; avoid duplicating content,5,4,5,5,4,5,4,92.0,92.8,91.2,Presentation-ready; substantive content depends on approved corpus,Trust and publication gates in 01-goals-and-rubric.md apply before release
ARC-01-05,architecture,Editorial briefing plus entity research,comparison-led navigation,"approved brief, issue, voice, evidence indexes",Refine existing navigation; evidence is still a downstream dependency; comparison requires proposition contract,5,4,4,5,5,5,4,91.2,89.6,92.4,Presentation-ready; substantive content depends on approved corpus,Trust and publication gates in 01-goals-and-rubric.md apply before release
ARC-01-06,architecture,Editorial briefing plus entity research,timeline as secondary workspace,"approved brief, issue, voice, evidence indexes",Refine existing navigation; evidence is still a downstream dependency; date scope persists across entities,5,4,5,5,4,5,4,92.0,92.8,91.2,Presentation-ready; substantive content depends on approved corpus,Trust and publication gates in 01-goals-and-rubric.md apply before release
ARC-01-07,architecture,Editorial briefing plus entity research,universal search as default entry,"approved brief, issue, voice, evidence indexes",Refine existing navigation; evidence is still a downstream dependency; unknown-unknown discovery becomes harder,5,4,4,5,4,5,4,89.2,88.0,89.6,Presentation-ready; substantive content depends on approved corpus,Trust and publication gates in 01-goals-and-rubric.md apply before release
ARC-01-08,architecture,Editorial briefing plus entity research,customizable landing panels,"approved brief, issue, voice, evidence indexes",Refine existing navigation; evidence is still a downstream dependency; preferences and competing priorities,5,4,4,5,4,4,4,87.2,85.6,88.4,Presentation-ready; substantive content depends on approved corpus,Trust and publication gates in 01-goals-and-rubric.md apply before release
ARC-01-09,architecture,Editorial briefing plus entity research,preserve current card grid exactly,"approved brief, issue, voice, evidence indexes",Refine existing navigation; evidence is still a downstream dependency; minimal migration; duplicated prose persists,5,4,4,4,4,5,5,88.0,87.2,86.8,Presentation-ready; substantive content depends on approved corpus,Trust and publication gates in 01-goals-and-rubric.md apply before release
ARC-01-10,architecture,Editorial briefing plus entity research,source and trust rail everywhere,"approved brief, issue, voice, evidence indexes","Refine existing navigation; evidence is still a downstream dependency; inline caveat, full diagnostics on demand",5,5,5,5,4,5,4,96.4,97.2,96.0,Presentation-ready; substantive content depends on approved corpus,Trust and publication gates in 01-goals-and-rubric.md apply before release
ARC-02-01,architecture,Issue atlas as the home screen,retain four-tab editorial shell,"canonical issues, aliases, topic series",Exploration improves but important change requires an extra step; reuse stable routes and typography,4,4,4,5,4,5,4,84.8,84.4,85.2,Presentation-ready; substantive content depends on approved corpus,Trust and publication gates in 01-goals-and-rubric.md apply before release
ARC-02-02,architecture,Issue atlas as the home screen,briefing plus persistent desktop index,"canonical issues, aliases, topic series",Exploration improves but important change requires an extra step; desktop split pane; mobile sequential fallback,4,4,4,5,4,5,3,83.2,83.2,84.0,Presentation-ready; substantive content depends on approved corpus,Trust and publication gates in 01-goals-and-rubric.md apply before release
ARC-02-03,architecture,Issue atlas as the home screen,single long research canvas,"canonical issues, aliases, topic series",Exploration improves but important change requires an extra step; in-page anchors but scroll burden,4,4,3,5,3,5,3,78.4,76.8,79.6,Presentation-ready; substantive content depends on approved corpus,Trust and publication gates in 01-goals-and-rubric.md apply before release
ARC-02-04,architecture,Issue atlas as the home screen,two-minute/deep-research modes,"canonical issues, aliases, topic series",Exploration improves but important change requires an extra step; remember mode; avoid duplicating content,4,4,5,5,4,5,3,86.0,88.0,85.6,Presentation-ready; substantive content depends on approved corpus,Trust and publication gates in 01-goals-and-rubric.md apply before release
ARC-02-05,architecture,Issue atlas as the home screen,comparison-led navigation,"canonical issues, aliases, topic series",Exploration improves but important change requires an extra step; comparison requires proposition contract,4,4,3,5,5,5,3,82.4,80.0,85.2,Presentation-ready; substantive content depends on approved corpus,Trust and publication gates in 01-goals-and-rubric.md apply before release
ARC-02-06,architecture,Issue atlas as the home screen,timeline as secondary workspace,"canonical issues, aliases, topic series",Exploration improves but important change requires an extra step; date scope persists across entities,4,4,4,5,4,5,3,83.2,83.2,84.0,Presentation-ready; substantive content depends on approved corpus,Trust and publication gates in 01-goals-and-rubric.md apply before release
ARC-02-07,architecture,Issue atlas as the home screen,universal search as default entry,"canonical issues, aliases, topic series",Exploration improves but important change requires an extra step; unknown-unknown discovery becomes harder,4,4,3,5,4,5,3,80.4,78.4,82.4,Presentation-ready; substantive content depends on approved corpus,Trust and publication gates in 01-goals-and-rubric.md apply before release
ARC-02-08,architecture,Issue atlas as the home screen,customizable landing panels,"canonical issues, aliases, topic series",Exploration improves but important change requires an extra step; preferences and competing priorities,4,4,3,5,4,4,3,78.4,76.0,81.2,Presentation-ready; substantive content depends on approved corpus,Trust and publication gates in 01-goals-and-rubric.md apply before release
ARC-02-09,architecture,Issue atlas as the home screen,preserve current card grid exactly,"canonical issues, aliases, topic series",Exploration improves but important change requires an extra step; minimal migration; duplicated prose persists,4,4,3,4,4,5,5,80.8,78.8,80.8,Presentation-ready; substantive content depends on approved corpus,Trust and publication gates in 01-goals-and-rubric.md apply before release
ARC-02-10,architecture,Issue atlas as the home screen,source and trust rail everywhere,"canonical issues, aliases, topic series","Exploration improves but important change requires an extra step; inline caveat, full diagnostics on demand",4,5,4,5,4,5,3,87.6,87.6,88.8,Presentation-ready; substantive content depends on approved corpus,Trust and publication gates in 01-goals-and-rubric.md apply before release
ARC-03-01,architecture,Question-first research workspace,retain four-tab editorial shell,"query resolution, retrieval, cited answer contract",Weak questions or retrieval can hide what the user did not know to ask; reuse stable routes and typography,4,4,3,5,5,4,3,80.4,77.6,84.0,Presentation-ready; substantive content depends on approved corpus,Trust and publication gates in 01-goals-and-rubric.md apply before release
ARC-03-02,architecture,Question-first research workspace,briefing plus persistent desktop index,"query resolution, retrieval, cited answer contract",Weak questions or retrieval can hide what the user did not know to ask; desktop split pane; mobile sequential fallback,4,4,3,5,5,4,2,78.8,76.4,82.8,Presentation-ready; substantive content depends on approved corpus,Trust and publication gates in 01-goals-and-rubric.md apply before release
ARC-03-03,architecture,Question-first research workspace,single long research canvas,"query resolution, retrieval, cited answer contract",Weak questions or retrieval can hide what the user did not know to ask; in-page anchors but scroll burden,4,4,2,5,4,4,2,74.0,70.0,78.4,Presentation-ready; substantive content depends on approved corpus,Trust and publication gates in 01-goals-and-rubric.md apply before release
ARC-03-04,architecture,Question-first research workspace,two-minute/deep-research modes,"query resolution, retrieval, cited answer contract",Weak questions or retrieval can hide what the user did not know to ask; remember mode; avoid duplicating content,4,4,4,5,5,4,2,81.6,81.2,84.4,Presentation-ready; substantive content depends on approved corpus,Trust and publication gates in 01-goals-and-rubric.md apply before release
ARC-03-05,architecture,Question-first research workspace,comparison-led navigation,"query resolution, retrieval, cited answer contract",Weak questions or retrieval can hide what the user did not know to ask; comparison requires proposition contract,4,4,2,5,5,4,2,76.0,71.6,81.2,Presentation-ready; substantive content depends on approved corpus,Trust and publication gates in 01-goals-and-rubric.md apply before release
ARC-03-06,architecture,Question-first research workspace,timeline as secondary workspace,"query resolution, retrieval, cited answer contract",Weak questions or retrieval can hide what the user did not know to ask; date scope persists across entities,4,4,3,5,5,4,2,78.8,76.4,82.8,Presentation-ready; substantive content depends on approved corpus,Trust and publication gates in 01-goals-and-rubric.md apply before release
ARC-03-07,architecture,Question-first research workspace,universal search as default entry,"query resolution, retrieval, cited answer contract",Weak questions or retrieval can hide what the user did not know to ask; unknown-unknown discovery becomes harder,4,4,2,5,5,4,2,76.0,71.6,81.2,Presentation-ready; substantive content depends on approved corpus,Trust and publication gates in 01-goals-and-rubric.md apply before release
ARC-03-08,architecture,Question-first research workspace,customizable landing panels,"query resolution, retrieval, cited answer contract",Weak questions or retrieval can hide what the user did not know to ask; preferences and competing priorities,4,4,2,5,5,3,2,74.0,69.2,80.0,Presentation-ready; substantive content depends on approved corpus,Trust and publication gates in 01-goals-and-rubric.md apply before release
ARC-03-09,architecture,Question-first research workspace,preserve current card grid exactly,"query resolution, retrieval, cited answer contract",Weak questions or retrieval can hide what the user did not know to ask; minimal migration; duplicated prose persists,4,4,2,4,5,4,4,76.4,72.0,79.6,Presentation-ready; substantive content depends on approved corpus,Trust and publication gates in 01-goals-and-rubric.md apply before release
ARC-03-10,architecture,Question-first research workspace,source and trust rail everywhere,"query resolution, retrieval, cited answer contract","Weak questions or retrieval can hide what the user did not know to ask; inline caveat, full diagnostics on demand",4,5,3,5,5,4,2,83.2,80.8,87.6,Presentation-ready; substantive content depends on approved corpus,Trust and publication gates in 01-goals-and-rubric.md apply before release
ARC-04-01,architecture,Debate-first intelligence desk,retain four-tab editorial shell,adjudicated claim pairs and shared propositions,Disagreement may dominate quiet but consequential developments; reuse stable routes and typography,5,4,3,5,5,4,3,84.8,81.2,88.4,Requires deterministic derivation or new adjudicated semantic artifact; see data_needed,Trust and publication gates in 01-goals-and-rubric.md apply before release
ARC-04-02,architecture,Debate-first intelligence desk,briefing plus persistent desktop index,adjudicated claim pairs and shared propositions,Disagreement may dominate quiet but consequential developments; desktop split pane; mobile sequential fallback,5,4,3,5,5,4,2,83.2,80.0,87.2,Requires deterministic derivation or new adjudicated semantic artifact; see data_needed,Trust and publication gates in 01-goals-and-rubric.md apply before release
ARC-04-03,architecture,Debate-first intelligence desk,single long research canvas,adjudicated claim pairs and shared propositions,Disagreement may dominate quiet but consequential developments; in-page anchors but scroll burden,5,4,2,5,4,4,2,78.4,73.6,82.8,Requires deterministic derivation or new adjudicated semantic artifact; see data_needed,Trust and publication gates in 01-goals-and-rubric.md apply before release
ARC-04-04,architecture,Debate-first intelligence desk,two-minute/deep-research modes,adjudicated claim pairs and shared propositions,Disagreement may dominate quiet but consequential developments; remember mode; avoid duplicating content,5,4,4,5,5,4,2,86.0,84.8,88.8,Requires deterministic derivation or new adjudicated semantic artifact; see data_needed,Trust and publication gates in 01-goals-and-rubric.md apply before release
ARC-04-05,architecture,Debate-first intelligence desk,comparison-led navigation,adjudicated claim pairs and shared propositions,Disagreement may dominate quiet but consequential developments; comparison requires proposition contract,5,4,2,5,5,4,2,80.4,75.2,85.6,Requires deterministic derivation or new adjudicated semantic artifact; see data_needed,Trust and publication gates in 01-goals-and-rubric.md apply before release
ARC-04-06,architecture,Debate-first intelligence desk,timeline as secondary workspace,adjudicated claim pairs and shared propositions,Disagreement may dominate quiet but consequential developments; date scope persists across entities,5,4,3,5,5,4,2,83.2,80.0,87.2,Requires deterministic derivation or new adjudicated semantic artifact; see data_needed,Trust and publication gates in 01-goals-and-rubric.md apply before release
ARC-04-07,architecture,Debate-first intelligence desk,universal search as default entry,adjudicated claim pairs and shared propositions,Disagreement may dominate quiet but consequential developments; unknown-unknown discovery becomes harder,5,4,2,5,5,4,2,80.4,75.2,85.6,Requires deterministic derivation or new adjudicated semantic artifact; see data_needed,Trust and publication gates in 01-goals-and-rubric.md apply before release
ARC-04-08,architecture,Debate-first intelligence desk,customizable landing panels,adjudicated claim pairs and shared propositions,Disagreement may dominate quiet but consequential developments; preferences and competing priorities,5,4,2,5,5,3,2,78.4,72.8,84.4,Requires deterministic derivation or new adjudicated semantic artifact; see data_needed,Trust and publication gates in 01-goals-and-rubric.md apply before release
ARC-04-09,architecture,Debate-first intelligence desk,preserve current card grid exactly,adjudicated claim pairs and shared propositions,Disagreement may dominate quiet but consequential developments; minimal migration; duplicated prose persists,5,4,2,4,5,4,4,80.8,75.6,84.0,Requires deterministic derivation or new adjudicated semantic artifact; see data_needed,Trust and publication gates in 01-goals-and-rubric.md apply before release
ARC-04-10,architecture,Debate-first intelligence desk,source and trust rail everywhere,adjudicated claim pairs and shared propositions,"Disagreement may dominate quiet but consequential developments; inline caveat, full diagnostics on demand",5,5,3,5,5,4,2,87.6,84.4,92.0,Requires deterministic derivation or new adjudicated semantic artifact; see data_needed,Trust and publication gates in 01-goals-and-rubric.md apply before release
ARC-05-01,architecture,Timeline-first observatory,retain four-tab editorial shell,"comparable periods, publication dates, event lineage",Chronology is not strategic relevance; reuse stable routes and typography,4,4,3,5,4,4,4,80.0,77.2,82.4,Presentation-ready; substantive content depends on approved corpus,Trust and publication gates in 01-goals-and-rubric.md apply before release
ARC-05-02,architecture,Timeline-first observatory,briefing plus persistent desktop index,"comparable periods, publication dates, event lineage",Chronology is not strategic relevance; desktop split pane; mobile sequential fallback,4,4,3,5,4,4,3,78.4,76.0,81.2,Presentation-ready; substantive content depends on approved corpus,Trust and publication gates in 01-goals-and-rubric.md apply before release
ARC-05-03,architecture,Timeline-first observatory,single long research canvas,"comparable periods, publication dates, event lineage",Chronology is not strategic relevance; in-page anchors but scroll burden,4,4,2,5,3,4,3,73.6,69.6,76.8,Presentation-ready; substantive content depends on approved corpus,Trust and publication gates in 01-goals-and-rubric.md apply before release
ARC-05-04,architecture,Timeline-first observatory,two-minute/deep-research modes,"comparable periods, publication dates, event lineage",Chronology is not strategic relevance; remember mode; avoid duplicating content,4,4,4,5,4,4,3,81.2,80.8,82.8,Presentation-ready; substantive content depends on approved corpus,Trust and publication gates in 01-goals-and-rubric.md apply before release
ARC-05-05,architecture,Timeline-first observatory,comparison-led navigation,"comparable periods, publication dates, event lineage",Chronology is not strategic relevance; comparison requires proposition contract,4,4,2,5,5,4,3,77.6,72.8,82.4,Presentation-ready; substantive content depends on approved corpus,Trust and publication gates in 01-goals-and-rubric.md apply before release
ARC-05-06,architecture,Timeline-first observatory,timeline as secondary workspace,"comparable periods, publication dates, event lineage",Chronology is not strategic relevance; date scope persists across entities,4,4,3,5,4,4,3,78.4,76.0,81.2,Presentation-ready; substantive content depends on approved corpus,Trust and publication gates in 01-goals-and-rubric.md apply before release
ARC-05-07,architecture,Timeline-first observatory,universal search as default entry,"comparable periods, publication dates, event lineage",Chronology is not strategic relevance; unknown-unknown discovery becomes harder,4,4,2,5,4,4,3,75.6,71.2,79.6,Presentation-ready; substantive content depends on approved corpus,Trust and publication gates in 01-goals-and-rubric.md apply before release
ARC-05-08,architecture,Timeline-first observatory,customizable landing panels,"comparable periods, publication dates, event lineage",Chronology is not strategic relevance; preferences and competing priorities,4,4,2,5,4,3,3,73.6,68.8,78.4,Presentation-ready; substantive content depends on approved corpus,Trust and publication gates in 01-goals-and-rubric.md apply before release
ARC-05-09,architecture,Timeline-first observatory,preserve current card grid exactly,"comparable periods, publication dates, event lineage",Chronology is not strategic relevance; minimal migration; duplicated prose persists,4,4,2,4,4,4,5,76.0,71.6,78.0,Presentation-ready; substantive content depends on approved corpus,Trust and publication gates in 01-goals-and-rubric.md apply before release
ARC-05-10,architecture,Timeline-first observatory,source and trust rail everywhere,"comparable periods, publication dates, event lineage","Chronology is not strategic relevance; inline caveat, full diagnostics on demand",4,5,3,5,4,4,3,82.8,80.4,86.0,Presentation-ready; substantive content depends on approved corpus,Trust and publication gates in 01-goals-and-rubric.md apply before release
ARC-06-01,architecture,Voice-first expert directory,retain four-tab editorial shell,"verified speakers, expertise basis, claims",May overemphasize familiar personalities and omit emerging issues; reuse stable routes and typography,3,4,4,5,4,4,4,78.4,78.4,79.6,Presentation-ready; substantive content depends on approved corpus,Trust and publication gates in 01-goals-and-rubric.md apply before release
ARC-06-02,architecture,Voice-first expert directory,briefing plus persistent desktop index,"verified speakers, expertise basis, claims",May overemphasize familiar personalities and omit emerging issues; desktop split pane; mobile sequential fallback,3,4,4,5,4,4,3,76.8,77.2,78.4,Presentation-ready; substantive content depends on approved corpus,Trust and publication gates in 01-goals-and-rubric.md apply before release
ARC-06-03,architecture,Voice-first expert directory,single long research canvas,"verified speakers, expertise basis, claims",May overemphasize familiar personalities and omit emerging issues; in-page anchors but scroll burden,3,4,3,5,3,4,3,72.0,70.8,74.0,Presentation-ready; substantive content depends on approved corpus,Trust and publication gates in 01-goals-and-rubric.md apply before release
ARC-06-04,architecture,Voice-first expert directory,two-minute/deep-research modes,"verified speakers, expertise basis, claims",May overemphasize familiar personalities and omit emerging issues; remember mode; avoid duplicating content,3,4,5,5,4,4,3,79.6,82.0,80.0,Presentation-ready; substantive content depends on approved corpus,Trust and publication gates in 01-goals-and-rubric.md apply before release
ARC-06-05,architecture,Voice-first expert directory,comparison-led navigation,"verified speakers, expertise basis, claims",May overemphasize familiar personalities and omit emerging issues; comparison requires proposition contract,3,4,3,5,5,4,3,76.0,74.0,79.6,Presentation-ready; substantive content depends on approved corpus,Trust and publication gates in 01-goals-and-rubric.md apply before release
ARC-06-06,architecture,Voice-first expert directory,timeline as secondary workspace,"verified speakers, expertise basis, claims",May overemphasize familiar personalities and omit emerging issues; date scope persists across entities,3,4,4,5,4,4,3,76.8,77.2,78.4,Presentation-ready; substantive content depends on approved corpus,Trust and publication gates in 01-goals-and-rubric.md apply before release
ARC-06-07,architecture,Voice-first expert directory,universal search as default entry,"verified speakers, expertise basis, claims",May overemphasize familiar personalities and omit emerging issues; unknown-unknown discovery becomes harder,3,4,3,5,4,4,3,74.0,72.4,76.8,Presentation-ready; substantive content depends on approved corpus,Trust and publication gates in 01-goals-and-rubric.md apply before release
ARC-06-08,architecture,Voice-first expert directory,customizable landing panels,"verified speakers, expertise basis, claims",May overemphasize familiar personalities and omit emerging issues; preferences and competing priorities,3,4,3,5,4,3,3,72.0,70.0,75.6,Presentation-ready; substantive content depends on approved corpus,Trust and publication gates in 01-goals-and-rubric.md apply before release
ARC-06-09,architecture,Voice-first expert directory,preserve current card grid exactly,"verified speakers, expertise basis, claims",May overemphasize familiar personalities and omit emerging issues; minimal migration; duplicated prose persists,3,4,3,4,4,4,5,74.4,72.8,75.2,Presentation-ready; substantive content depends on approved corpus,Trust and publication gates in 01-goals-and-rubric.md apply before release
ARC-06-10,architecture,Voice-first expert directory,source and trust rail everywhere,"verified speakers, expertise basis, claims","May overemphasize familiar personalities and omit emerging issues; inline caveat, full diagnostics on demand",3,5,4,5,4,4,3,81.2,81.6,83.2,Presentation-ready; substantive content depends on approved corpus,Trust and publication gates in 01-goals-and-rubric.md apply before release
ARC-07-01,architecture,Source-first listening library,retain four-tab editorial shell,"canonical shows, episodes, source links",Shifts the synthesis burden back to the reader; reuse stable routes and typography,2,4,4,4,3,4,4,69.2,71.2,68.4,Presentation-ready; substantive content depends on approved corpus,Trust and publication gates in 01-goals-and-rubric.md apply before release
ARC-07-02,architecture,Source-first listening library,briefing plus persistent desktop index,"canonical shows, episodes, source links",Shifts the synthesis burden back to the reader; desktop split pane; mobile sequential fallback,2,4,4,5,3,4,3,70.4,72.0,71.2,Presentation-ready; substantive content depends on approved corpus,Trust and publication gates in 01-goals-and-rubric.md apply before release
ARC-07-03,architecture,Source-first listening library,single long research canvas,"canonical shows, episodes, source links",Shifts the synthesis burden back to the reader; in-page anchors but scroll burden,2,4,3,5,2,4,3,65.6,65.6,66.8,Presentation-ready; substantive content depends on approved corpus,Trust and publication gates in 01-goals-and-rubric.md apply before release
ARC-07-04,architecture,Source-first listening library,two-minute/deep-research modes,"canonical shows, episodes, source links",Shifts the synthesis burden back to the reader; remember mode; avoid duplicating content,2,4,5,5,3,4,3,73.2,76.8,72.8,Presentation-ready; substantive content depends on approved corpus,Trust and publication gates in 01-goals-and-rubric.md apply before release
ARC-07-05,architecture,Source-first listening library,comparison-led navigation,"canonical shows, episodes, source links",Shifts the synthesis burden back to the reader; comparison requires proposition contract,2,4,3,4,4,4,3,66.8,66.8,68.4,Presentation-ready; substantive content depends on approved corpus,Trust and publication gates in 01-goals-and-rubric.md apply before release
ARC-07-06,architecture,Source-first listening library,timeline as secondary workspace,"canonical shows, episodes, source links",Shifts the synthesis burden back to the reader; date scope persists across entities,2,4,4,5,3,4,3,70.4,72.0,71.2,Presentation-ready; substantive content depends on approved corpus,Trust and publication gates in 01-goals-and-rubric.md apply before release
ARC-07-07,architecture,Source-first listening library,universal search as default entry,"canonical shows, episodes, source links",Shifts the synthesis burden back to the reader; unknown-unknown discovery becomes harder,2,4,3,5,3,4,3,67.6,67.2,69.6,Presentation-ready; substantive content depends on approved corpus,Trust and publication gates in 01-goals-and-rubric.md apply before release
ARC-07-08,architecture,Source-first listening library,customizable landing panels,"canonical shows, episodes, source links",Shifts the synthesis burden back to the reader; preferences and competing priorities,2,4,3,4,3,3,3,62.8,62.8,64.4,Presentation-ready; substantive content depends on approved corpus,Trust and publication gates in 01-goals-and-rubric.md apply before release
ARC-07-09,architecture,Source-first listening library,preserve current card grid exactly,"canonical shows, episodes, source links",Shifts the synthesis burden back to the reader; minimal migration; duplicated prose persists,2,4,3,3,3,4,5,65.2,65.6,64.0,Presentation-ready; substantive content depends on approved corpus,Trust and publication gates in 01-goals-and-rubric.md apply before release
ARC-07-10,architecture,Source-first listening library,source and trust rail everywhere,"canonical shows, episodes, source links","Shifts the synthesis burden back to the reader; inline caveat, full diagnostics on demand",2,5,4,4,3,4,3,72.0,74.4,72.0,Presentation-ready; substantive content depends on approved corpus,Trust and publication gates in 01-goals-and-rubric.md apply before release
ARC-08-01,architecture,Evidence-first research ledger,retain four-tab editorial shell,approved claims and source context,Excellent auditability; weak two-minute orientation; reuse stable routes and typography,2,5,3,5,4,3,4,73.6,72.0,77.2,Presentation-ready; substantive content depends on approved corpus,Trust and publication gates in 01-goals-and-rubric.md apply before release
ARC-08-02,architecture,Evidence-first research ledger,briefing plus persistent desktop index,approved claims and source context,Excellent auditability; weak two-minute orientation; desktop split pane; mobile sequential fallback,2,5,3,5,4,3,3,72.0,70.8,76.0,Presentation-ready; substantive content depends on approved corpus,Trust and publication gates in 01-goals-and-rubric.md apply before release
ARC-08-03,architecture,Evidence-first research ledger,single long research canvas,approved claims and source context,Excellent auditability; weak two-minute orientation; in-page anchors but scroll burden,2,5,2,5,3,3,3,67.2,64.4,71.6,Presentation-ready; substantive content depends on approved corpus,Trust and publication gates in 01-goals-and-rubric.md apply before release
ARC-08-04,architecture,Evidence-first research ledger,two-minute/deep-research modes,approved claims and source context,Excellent auditability; weak two-minute orientation; remember mode; avoid duplicating content,2,5,4,5,4,3,3,74.8,75.6,77.6,Presentation-ready; substantive content depends on approved corpus,Trust and publication gates in 01-goals-and-rubric.md apply before release
ARC-08-05,architecture,Evidence-first research ledger,comparison-led navigation,approved claims and source context,Excellent auditability; weak two-minute orientation; comparison requires proposition contract,2,5,2,5,5,3,3,71.2,67.6,77.2,Presentation-ready; substantive content depends on approved corpus,Trust and publication gates in 01-goals-and-rubric.md apply before release
ARC-08-06,architecture,Evidence-first research ledger,timeline as secondary workspace,approved claims and source context,Excellent auditability; weak two-minute orientation; date scope persists across entities,2,5,3,5,4,3,3,72.0,70.8,76.0,Presentation-ready; substantive content depends on approved corpus,Trust and publication gates in 01-goals-and-rubric.md apply before release
ARC-08-07,architecture,Evidence-first research ledger,universal search as default entry,approved claims and source context,Excellent auditability; weak two-minute orientation; unknown-unknown discovery becomes harder,2,5,2,5,4,3,3,69.2,66.0,74.4,Presentation-ready; substantive content depends on approved corpus,Trust and publication gates in 01-goals-and-rubric.md apply before release
ARC-08-08,architecture,Evidence-first research ledger,customizable landing panels,approved claims and source context,Excellent auditability; weak two-minute orientation; preferences and competing priorities,2,5,2,5,4,2,3,67.2,63.6,73.2,Presentation-ready; substantive content depends on approved corpus,Trust and publication gates in 01-goals-and-rubric.md apply before release
ARC-08-09,architecture,Evidence-first research ledger,preserve current card grid exactly,approved claims and source context,Excellent auditability; weak two-minute orientation; minimal migration; duplicated prose persists,2,5,2,4,4,3,5,69.6,66.4,72.8,Presentation-ready; substantive content depends on approved corpus,Trust and publication gates in 01-goals-and-rubric.md apply before release
ARC-08-10,architecture,Evidence-first research ledger,source and trust rail everywhere,approved claims and source context,"Excellent auditability; weak two-minute orientation; inline caveat, full diagnostics on demand",2,5,3,5,4,3,3,72.0,70.8,76.0,Presentation-ready; substantive content depends on approved corpus,Trust and publication gates in 01-goals-and-rubric.md apply before release
ARC-09-01,architecture,Personal watchlist workspace,retain four-tab editorial shell,"private preference store, approved change events",Setup and account persistence conflict with public zero-setup access; reuse stable routes and typography,4,4,4,4,4,4,2,76.8,77.6,77.6,Requires private preference/delivery infrastructure; no external sending enabled,Trust and publication gates in 01-goals-and-rubric.md apply before release
ARC-09-02,architecture,Personal watchlist workspace,briefing plus persistent desktop index,"private preference store, approved change events",Setup and account persistence conflict with public zero-setup access; desktop split pane; mobile sequential fallback,4,4,4,5,4,4,1,78.0,78.4,80.4,Requires private preference/delivery infrastructure; no external sending enabled,Trust and publication gates in 01-goals-and-rubric.md apply before release
ARC-09-03,architecture,Personal watchlist workspace,single long research canvas,"private preference store, approved change events",Setup and account persistence conflict with public zero-setup access; in-page anchors but scroll burden,4,4,3,5,3,4,1,73.2,72.0,76.0,Requires private preference/delivery infrastructure; no external sending enabled,Trust and publication gates in 01-goals-and-rubric.md apply before release
ARC-09-04,architecture,Personal watchlist workspace,two-minute/deep-research modes,"private preference store, approved change events",Setup and account persistence conflict with public zero-setup access; remember mode; avoid duplicating content,4,4,5,5,4,4,1,80.8,83.2,82.0,Requires private preference/delivery infrastructure; no external sending enabled,Trust and publication gates in 01-goals-and-rubric.md apply before release
ARC-09-05,architecture,Personal watchlist workspace,comparison-led navigation,"private preference store, approved change events",Setup and account persistence conflict with public zero-setup access; comparison requires proposition contract,4,4,3,4,5,4,1,74.4,73.2,77.6,Requires private preference/delivery infrastructure; no external sending enabled,Trust and publication gates in 01-goals-and-rubric.md apply before release
ARC-09-06,architecture,Personal watchlist workspace,timeline as secondary workspace,"private preference store, approved change events",Setup and account persistence conflict with public zero-setup access; date scope persists across entities,4,4,4,5,4,4,1,78.0,78.4,80.4,Requires private preference/delivery infrastructure; no external sending enabled,Trust and publication gates in 01-goals-and-rubric.md apply before release
ARC-09-07,architecture,Personal watchlist workspace,universal search as default entry,"private preference store, approved change events",Setup and account persistence conflict with public zero-setup access; unknown-unknown discovery becomes harder,4,4,3,5,4,4,1,75.2,73.6,78.8,Requires private preference/delivery infrastructure; no external sending enabled,Trust and publication gates in 01-goals-and-rubric.md apply before release
ARC-09-08,architecture,Personal watchlist workspace,customizable landing panels,"private preference store, approved change events",Setup and account persistence conflict with public zero-setup access; preferences and competing priorities,4,4,3,4,4,3,1,70.4,69.2,73.6,Requires private preference/delivery infrastructure; no external sending enabled,Trust and publication gates in 01-goals-and-rubric.md apply before release
ARC-09-09,architecture,Personal watchlist workspace,preserve current card grid exactly,"private preference store, approved change events",Setup and account persistence conflict with public zero-setup access; minimal migration; duplicated prose persists,4,4,3,3,4,4,3,72.8,72.0,73.2,Requires private preference/delivery infrastructure; no external sending enabled,Trust and publication gates in 01-goals-and-rubric.md apply before release
ARC-09-10,architecture,Personal watchlist workspace,source and trust rail everywhere,"private preference store, approved change events","Setup and account persistence conflict with public zero-setup access; inline caveat, full diagnostics on demand",4,5,4,4,4,4,1,79.6,80.8,81.2,Requires private preference/delivery infrastructure; no external sending enabled,Trust and publication gates in 01-goals-and-rubric.md apply before release
ARC-10-01,architecture,Dense configurable analyst dashboard,retain four-tab editorial shell,all aggregates plus layout preferences,Flexible but expensive cognitive and mobile load; reuse stable routes and typography,4,3,3,5,5,2,2,70.4,67.2,75.6,Presentation-ready; substantive content depends on approved corpus,Trust and publication gates in 01-goals-and-rubric.md apply before release
ARC-10-02,architecture,Dense configurable analyst dashboard,briefing plus persistent desktop index,all aggregates plus layout preferences,Flexible but expensive cognitive and mobile load; desktop split pane; mobile sequential fallback,4,3,3,5,5,2,1,68.8,66.0,74.4,Presentation-ready; substantive content depends on approved corpus,Trust and publication gates in 01-goals-and-rubric.md apply before release
ARC-10-03,architecture,Dense configurable analyst dashboard,single long research canvas,all aggregates plus layout preferences,Flexible but expensive cognitive and mobile load; in-page anchors but scroll burden,4,3,2,5,4,2,1,64.0,59.6,70.0,Presentation-ready; substantive content depends on approved corpus,Trust and publication gates in 01-goals-and-rubric.md apply before release
ARC-10-04,architecture,Dense configurable analyst dashboard,two-minute/deep-research modes,all aggregates plus layout preferences,Flexible but expensive cognitive and mobile load; remember mode; avoid duplicating content,4,3,4,5,5,2,1,71.6,70.8,76.0,Presentation-ready; substantive content depends on approved corpus,Trust and publication gates in 01-goals-and-rubric.md apply before release
ARC-10-05,architecture,Dense configurable analyst dashboard,comparison-led navigation,all aggregates plus layout preferences,Flexible but expensive cognitive and mobile load; comparison requires proposition contract,4,3,2,5,5,2,1,66.0,61.2,72.8,Presentation-ready; substantive content depends on approved corpus,Trust and publication gates in 01-goals-and-rubric.md apply before release
ARC-10-06,architecture,Dense configurable analyst dashboard,timeline as secondary workspace,all aggregates plus layout preferences,Flexible but expensive cognitive and mobile load; date scope persists across entities,4,3,3,5,5,2,1,68.8,66.0,74.4,Presentation-ready; substantive content depends on approved corpus,Trust and publication gates in 01-goals-and-rubric.md apply before release
ARC-10-07,architecture,Dense configurable analyst dashboard,universal search as default entry,all aggregates plus layout preferences,Flexible but expensive cognitive and mobile load; unknown-unknown discovery becomes harder,4,3,2,5,5,2,1,66.0,61.2,72.8,Presentation-ready; substantive content depends on approved corpus,Trust and publication gates in 01-goals-and-rubric.md apply before release
ARC-10-08,architecture,Dense configurable analyst dashboard,customizable landing panels,all aggregates plus layout preferences,Flexible but expensive cognitive and mobile load; preferences and competing priorities,4,3,2,5,5,1,1,64.0,58.8,71.6,Presentation-ready; substantive content depends on approved corpus,Trust and publication gates in 01-goals-and-rubric.md apply before release
ARC-10-09,architecture,Dense configurable analyst dashboard,preserve current card grid exactly,all aggregates plus layout preferences,Flexible but expensive cognitive and mobile load; minimal migration; duplicated prose persists,4,3,2,4,5,2,3,66.4,61.6,71.2,Presentation-ready; substantive content depends on approved corpus,Trust and publication gates in 01-goals-and-rubric.md apply before release
ARC-10-10,architecture,Dense configurable analyst dashboard,source and trust rail everywhere,all aggregates plus layout preferences,"Flexible but expensive cognitive and mobile load; inline caveat, full diagnostics on demand",4,4,3,5,5,2,1,73.2,70.4,79.2,Presentation-ready; substantive content depends on approved corpus,Trust and publication gates in 01-goals-and-rubric.md apply before release
PAG-01-01,pages,Change brief: summary to evidence,summary then strongest evidence,"cited change, periods, coverage, representative claim",Must not substitute generic significance copy; one-screen entry and clear depth,5,4,5,5,4,5,5,93.6,94.0,92.4,Presentation-ready; substantive content depends on approved corpus,Trust and publication gates in 01-goals-and-rubric.md apply before release
PAG-01-02,pages,Change brief: summary to evidence,evidence then interpretation,"cited change, periods, coverage, representative claim",Must not substitute generic significance copy; proof immediate; orientation slightly slower,5,5,5,5,4,5,5,98.0,98.4,97.2,Presentation-ready; substantive content depends on approved corpus,Trust and publication gates in 01-goals-and-rubric.md apply before release
PAG-01-03,pages,Change brief: summary to evidence,chart then summary,"cited change, periods, coverage, representative claim",Must not substitute generic significance copy; trend dominates without substantive framing,5,4,4,5,4,5,5,90.8,89.2,90.8,Presentation-ready; substantive content depends on approved corpus,Trust and publication gates in 01-goals-and-rubric.md apply before release
PAG-01-04,pages,Change brief: summary to evidence,arguments then evidence ledger,"cited change, periods, coverage, representative claim",Must not substitute generic significance copy; works only with genuine paired positions,5,4,5,5,5,5,5,95.6,95.6,95.2,Presentation-ready; substantive content depends on approved corpus,Trust and publication gates in 01-goals-and-rubric.md apply before release
PAG-01-05,pages,Change brief: summary to evidence,single reading column,"cited change, periods, coverage, representative claim",Must not substitute generic significance copy; desktop comparison becomes sequential,5,4,5,5,4,5,5,93.6,94.0,92.4,Presentation-ready; substantive content depends on approved corpus,Trust and publication gates in 01-goals-and-rubric.md apply before release
PAG-01-06,pages,Change brief: summary to evidence,desktop reading column plus sidebar,"cited change, periods, coverage, representative claim",Must not substitute generic significance copy; sidebar below key evidence on mobile,5,4,5,5,4,5,5,93.6,94.0,92.4,Presentation-ready; substantive content depends on approved corpus,Trust and publication gates in 01-goals-and-rubric.md apply before release
PAG-01-07,pages,Change brief: summary to evidence,tabs for summary/claims/history,"cited change, periods, coverage, representative claim",Must not substitute generic significance copy; hidden sections need counts and direct routes,5,4,5,5,4,5,4,92.0,92.8,91.2,Presentation-ready; substantive content depends on approved corpus,Trust and publication gates in 01-goals-and-rubric.md apply before release
PAG-01-08,pages,Change brief: summary to evidence,accordion sections,"cited change, periods, coverage, representative claim",Must not substitute generic significance copy; compact but disclosure can hide evidence,5,4,5,5,4,4,5,91.6,91.6,91.2,Presentation-ready; substantive content depends on approved corpus,Trust and publication gates in 01-goals-and-rubric.md apply before release
PAG-01-09,pages,Change brief: summary to evidence,full table with expandable rows,"cited change, periods, coverage, representative claim",Must not substitute generic significance copy; research power with weaker narrative scan,5,4,4,5,4,5,4,89.2,88.0,89.6,Presentation-ready; substantive content depends on approved corpus,Trust and publication gates in 01-goals-and-rubric.md apply before release
PAG-01-10,pages,Change brief: summary to evidence,current layout with corrected labels,"cited change, periods, coverage, representative claim",Must not substitute generic significance copy; preserves interaction; leaves some scroll cost,5,4,5,5,4,5,5,93.6,94.0,92.4,Presentation-ready; substantive content depends on approved corpus,Trust and publication gates in 01-goals-and-rubric.md apply before release
PAG-02-01,pages,Issue dossier: question and competing claims,summary then strongest evidence,"canonical issue, propositions, paired claims, history",Long pages need sections and preserved navigation; one-screen entry and clear depth,5,4,5,5,5,5,5,95.6,95.6,95.2,Presentation-ready; substantive content depends on approved corpus,Trust and publication gates in 01-goals-and-rubric.md apply before release
PAG-02-02,pages,Issue dossier: question and competing claims,evidence then interpretation,"canonical issue, propositions, paired claims, history",Long pages need sections and preserved navigation; proof immediate; orientation slightly slower,5,5,4,5,5,5,5,97.2,95.2,98.4,Presentation-ready; substantive content depends on approved corpus,Trust and publication gates in 01-goals-and-rubric.md apply before release
PAG-02-03,pages,Issue dossier: question and competing claims,chart then summary,"canonical issue, propositions, paired claims, history",Long pages need sections and preserved navigation; trend dominates without substantive framing,5,4,3,5,5,5,5,90.0,86.0,92.0,Presentation-ready; substantive content depends on approved corpus,Trust and publication gates in 01-goals-and-rubric.md apply before release
PAG-02-04,pages,Issue dossier: question and competing claims,arguments then evidence ledger,"canonical issue, propositions, paired claims, history",Long pages need sections and preserved navigation; works only with genuine paired positions,5,4,4,5,5,5,5,92.8,90.8,93.6,Presentation-ready; substantive content depends on approved corpus,Trust and publication gates in 01-goals-and-rubric.md apply before release
PAG-02-05,pages,Issue dossier: question and competing claims,single reading column,"canonical issue, propositions, paired claims, history",Long pages need sections and preserved navigation; desktop comparison becomes sequential,5,4,4,5,5,5,5,92.8,90.8,93.6,Presentation-ready; substantive content depends on approved corpus,Trust and publication gates in 01-goals-and-rubric.md apply before release
PAG-02-06,pages,Issue dossier: question and competing claims,desktop reading column plus sidebar,"canonical issue, propositions, paired claims, history",Long pages need sections and preserved navigation; sidebar below key evidence on mobile,5,4,4,5,5,5,5,92.8,90.8,93.6,Presentation-ready; substantive content depends on approved corpus,Trust and publication gates in 01-goals-and-rubric.md apply before release
PAG-02-07,pages,Issue dossier: question and competing claims,tabs for summary/claims/history,"canonical issue, propositions, paired claims, history",Long pages need sections and preserved navigation; hidden sections need counts and direct routes,5,4,4,5,5,5,4,91.2,89.6,92.4,Presentation-ready; substantive content depends on approved corpus,Trust and publication gates in 01-goals-and-rubric.md apply before release
PAG-02-08,pages,Issue dossier: question and competing claims,accordion sections,"canonical issue, propositions, paired claims, history",Long pages need sections and preserved navigation; compact but disclosure can hide evidence,5,4,5,5,5,4,5,93.6,93.2,94.0,Presentation-ready; substantive content depends on approved corpus,Trust and publication gates in 01-goals-and-rubric.md apply before release
PAG-02-09,pages,Issue dossier: question and competing claims,full table with expandable rows,"canonical issue, propositions, paired claims, history",Long pages need sections and preserved navigation; research power with weaker narrative scan,5,4,3,5,5,5,4,88.4,84.8,90.8,Presentation-ready; substantive content depends on approved corpus,Trust and publication gates in 01-goals-and-rubric.md apply before release
PAG-02-10,pages,Issue dossier: question and competing claims,current layout with corrected labels,"canonical issue, propositions, paired claims, history",Long pages need sections and preserved navigation; preserves interaction; leaves some scroll cost,5,4,4,5,5,5,5,92.8,90.8,93.6,Presentation-ready; substantive content depends on approved corpus,Trust and publication gates in 01-goals-and-rubric.md apply before release
PAG-03-01,pages,Voice dossier: consequential statements,summary then strongest evidence,"verified attribution, expertise, claim timeline",Topic count alone does not express a view; one-screen entry and clear depth,4,4,5,5,5,4,5,89.2,89.6,89.6,Presentation-ready; substantive content depends on approved corpus,Trust and publication gates in 01-goals-and-rubric.md apply before release
PAG-03-02,pages,Voice dossier: consequential statements,evidence then interpretation,"verified attribution, expertise, claim timeline",Topic count alone does not express a view; proof immediate; orientation slightly slower,4,5,4,5,5,4,5,90.8,89.2,92.8,Presentation-ready; substantive content depends on approved corpus,Trust and publication gates in 01-goals-and-rubric.md apply before release
PAG-03-03,pages,Voice dossier: consequential statements,chart then summary,"verified attribution, expertise, claim timeline",Topic count alone does not express a view; trend dominates without substantive framing,4,4,3,5,5,4,5,83.6,80.0,86.4,Presentation-ready; substantive content depends on approved corpus,Trust and publication gates in 01-goals-and-rubric.md apply before release
PAG-03-04,pages,Voice dossier: consequential statements,arguments then evidence ledger,"verified attribution, expertise, claim timeline",Topic count alone does not express a view; works only with genuine paired positions,4,4,4,5,5,4,5,86.4,84.8,88.0,Presentation-ready; substantive content depends on approved corpus,Trust and publication gates in 01-goals-and-rubric.md apply before release
PAG-03-05,pages,Voice dossier: consequential statements,single reading column,"verified attribution, expertise, claim timeline",Topic count alone does not express a view; desktop comparison becomes sequential,4,4,4,5,5,5,5,88.4,87.2,89.2,Presentation-ready; substantive content depends on approved corpus,Trust and publication gates in 01-goals-and-rubric.md apply before release
PAG-03-06,pages,Voice dossier: consequential statements,desktop reading column plus sidebar,"verified attribution, expertise, claim timeline",Topic count alone does not express a view; sidebar below key evidence on mobile,4,4,4,5,5,4,5,86.4,84.8,88.0,Presentation-ready; substantive content depends on approved corpus,Trust and publication gates in 01-goals-and-rubric.md apply before release
PAG-03-07,pages,Voice dossier: consequential statements,tabs for summary/claims/history,"verified attribution, expertise, claim timeline",Topic count alone does not express a view; hidden sections need counts and direct routes,4,4,4,5,5,4,4,84.8,83.6,86.8,Presentation-ready; substantive content depends on approved corpus,Trust and publication gates in 01-goals-and-rubric.md apply before release
PAG-03-08,pages,Voice dossier: consequential statements,accordion sections,"verified attribution, expertise, claim timeline",Topic count alone does not express a view; compact but disclosure can hide evidence,4,4,5,5,5,3,5,87.2,87.2,88.4,Presentation-ready; substantive content depends on approved corpus,Trust and publication gates in 01-goals-and-rubric.md apply before release
PAG-03-09,pages,Voice dossier: consequential statements,full table with expandable rows,"verified attribution, expertise, claim timeline",Topic count alone does not express a view; research power with weaker narrative scan,4,4,3,5,5,4,4,82.0,78.8,85.2,Presentation-ready; substantive content depends on approved corpus,Trust and publication gates in 01-goals-and-rubric.md apply before release
PAG-03-10,pages,Voice dossier: consequential statements,current layout with corrected labels,"verified attribution, expertise, claim timeline",Topic count alone does not express a view; preserves interaction; leaves some scroll cost,4,4,4,5,5,4,5,86.4,84.8,88.0,Presentation-ready; substantive content depends on approved corpus,Trust and publication gates in 01-goals-and-rubric.md apply before release
PAG-04-01,pages,Evidence detail: bounded source context,summary then strongest evidence,"claim, context bounds, source location, approval",Isolated fragments cannot be made sufficient by formatting; one-screen entry and clear depth,3,5,5,5,4,4,5,87.2,88.8,87.2,Presentation-ready; substantive content depends on approved corpus,Trust and publication gates in 01-goals-and-rubric.md apply before release
PAG-04-02,pages,Evidence detail: bounded source context,evidence then interpretation,"claim, context bounds, source location, approval",Isolated fragments cannot be made sufficient by formatting; proof immediate; orientation slightly slower,3,5,4,5,4,4,5,84.4,84.0,85.6,Presentation-ready; substantive content depends on approved corpus,Trust and publication gates in 01-goals-and-rubric.md apply before release
PAG-04-03,pages,Evidence detail: bounded source context,chart then summary,"claim, context bounds, source location, approval",Isolated fragments cannot be made sufficient by formatting; trend dominates without substantive framing,3,5,3,5,4,4,5,81.6,79.2,84.0,Presentation-ready; substantive content depends on approved corpus,Trust and publication gates in 01-goals-and-rubric.md apply before release
PAG-04-04,pages,Evidence detail: bounded source context,arguments then evidence ledger,"claim, context bounds, source location, approval",Isolated fragments cannot be made sufficient by formatting; works only with genuine paired positions,3,5,4,5,5,4,5,86.4,85.6,88.4,Presentation-ready; substantive content depends on approved corpus,Trust and publication gates in 01-goals-and-rubric.md apply before release
PAG-04-05,pages,Evidence detail: bounded source context,single reading column,"claim, context bounds, source location, approval",Isolated fragments cannot be made sufficient by formatting; desktop comparison becomes sequential,3,5,4,5,4,5,5,86.4,86.4,86.8,Presentation-ready; substantive content depends on approved corpus,Trust and publication gates in 01-goals-and-rubric.md apply before release
PAG-04-06,pages,Evidence detail: bounded source context,desktop reading column plus sidebar,"claim, context bounds, source location, approval",Isolated fragments cannot be made sufficient by formatting; sidebar below key evidence on mobile,3,5,4,5,4,4,5,84.4,84.0,85.6,Presentation-ready; substantive content depends on approved corpus,Trust and publication gates in 01-goals-and-rubric.md apply before release
PAG-04-07,pages,Evidence detail: bounded source context,tabs for summary/claims/history,"claim, context bounds, source location, approval",Isolated fragments cannot be made sufficient by formatting; hidden sections need counts and direct routes,3,5,4,5,4,4,4,82.8,82.8,84.4,Presentation-ready; substantive content depends on approved corpus,Trust and publication gates in 01-goals-and-rubric.md apply before release
PAG-04-08,pages,Evidence detail: bounded source context,accordion sections,"claim, context bounds, source location, approval",Isolated fragments cannot be made sufficient by formatting; compact but disclosure can hide evidence,3,5,5,5,4,3,5,85.2,86.4,86.0,Presentation-ready; substantive content depends on approved corpus,Trust and publication gates in 01-goals-and-rubric.md apply before release
PAG-04-09,pages,Evidence detail: bounded source context,full table with expandable rows,"claim, context bounds, source location, approval",Isolated fragments cannot be made sufficient by formatting; research power with weaker narrative scan,3,5,3,5,4,4,4,80.0,78.0,82.8,Presentation-ready; substantive content depends on approved corpus,Trust and publication gates in 01-goals-and-rubric.md apply before release
PAG-04-10,pages,Evidence detail: bounded source context,current layout with corrected labels,"claim, context bounds, source location, approval",Isolated fragments cannot be made sufficient by formatting; preserves interaction; leaves some scroll cost,3,5,4,5,4,4,5,84.4,84.0,85.6,Presentation-ready; substantive content depends on approved corpus,Trust and publication gates in 01-goals-and-rubric.md apply before release
PAG-05-01,pages,Comparison page: two to four voices on an issue,summary then strongest evidence,"same-proposition claims, dates, speaker IDs","No-data cells must remain unknown, not neutral; one-screen entry and clear depth",4,4,4,5,5,4,3,83.2,82.4,85.6,Requires deterministic derivation or new adjudicated semantic artifact; see data_needed,Trust and publication gates in 01-goals-and-rubric.md apply before release
PAG-05-02,pages,Comparison page: two to four voices on an issue,evidence then interpretation,"same-proposition claims, dates, speaker IDs","No-data cells must remain unknown, not neutral; proof immediate; orientation slightly slower",4,5,3,5,5,4,3,84.8,82.0,88.8,Requires deterministic derivation or new adjudicated semantic artifact; see data_needed,Trust and publication gates in 01-goals-and-rubric.md apply before release
PAG-05-03,pages,Comparison page: two to four voices on an issue,chart then summary,"same-proposition claims, dates, speaker IDs","No-data cells must remain unknown, not neutral; trend dominates without substantive framing",4,4,2,5,5,4,3,77.6,72.8,82.4,Requires deterministic derivation or new adjudicated semantic artifact; see data_needed,Trust and publication gates in 01-goals-and-rubric.md apply before release
PAG-05-04,pages,Comparison page: two to four voices on an issue,arguments then evidence ledger,"same-proposition claims, dates, speaker IDs","No-data cells must remain unknown, not neutral; works only with genuine paired positions",4,4,3,5,5,4,3,80.4,77.6,84.0,Requires deterministic derivation or new adjudicated semantic artifact; see data_needed,Trust and publication gates in 01-goals-and-rubric.md apply before release
PAG-05-05,pages,Comparison page: two to four voices on an issue,single reading column,"same-proposition claims, dates, speaker IDs","No-data cells must remain unknown, not neutral; desktop comparison becomes sequential",4,4,3,5,5,5,3,82.4,80.0,85.2,Requires deterministic derivation or new adjudicated semantic artifact; see data_needed,Trust and publication gates in 01-goals-and-rubric.md apply before release
PAG-05-06,pages,Comparison page: two to four voices on an issue,desktop reading column plus sidebar,"same-proposition claims, dates, speaker IDs","No-data cells must remain unknown, not neutral; sidebar below key evidence on mobile",4,4,3,5,5,4,3,80.4,77.6,84.0,Requires deterministic derivation or new adjudicated semantic artifact; see data_needed,Trust and publication gates in 01-goals-and-rubric.md apply before release
PAG-05-07,pages,Comparison page: two to four voices on an issue,tabs for summary/claims/history,"same-proposition claims, dates, speaker IDs","No-data cells must remain unknown, not neutral; hidden sections need counts and direct routes",4,4,3,5,5,4,2,78.8,76.4,82.8,Requires deterministic derivation or new adjudicated semantic artifact; see data_needed,Trust and publication gates in 01-goals-and-rubric.md apply before release
PAG-05-08,pages,Comparison page: two to four voices on an issue,accordion sections,"same-proposition claims, dates, speaker IDs","No-data cells must remain unknown, not neutral; compact but disclosure can hide evidence",4,4,4,5,5,3,3,81.2,80.0,84.4,Requires deterministic derivation or new adjudicated semantic artifact; see data_needed,Trust and publication gates in 01-goals-and-rubric.md apply before release
PAG-05-09,pages,Comparison page: two to four voices on an issue,full table with expandable rows,"same-proposition claims, dates, speaker IDs","No-data cells must remain unknown, not neutral; research power with weaker narrative scan",4,4,2,5,5,4,2,76.0,71.6,81.2,Requires deterministic derivation or new adjudicated semantic artifact; see data_needed,Trust and publication gates in 01-goals-and-rubric.md apply before release
PAG-05-10,pages,Comparison page: two to four voices on an issue,current layout with corrected labels,"same-proposition claims, dates, speaker IDs","No-data cells must remain unknown, not neutral; preserves interaction; leaves some scroll cost",4,4,3,5,5,4,4,82.0,78.8,85.2,Requires deterministic derivation or new adjudicated semantic artifact; see data_needed,Trust and publication gates in 01-goals-and-rubric.md apply before release
PAG-06-01,pages,Issue directory: compact rows and previews,summary then strongest evidence,"canonical aliases, comparable share, coverage",Discovery surface cannot replace substantive brief; one-screen entry and clear depth,4,4,5,4,3,5,5,84.4,86.8,81.2,Requires deterministic derivation or new adjudicated semantic artifact; see data_needed,Trust and publication gates in 01-goals-and-rubric.md apply before release
PAG-06-02,pages,Issue directory: compact rows and previews,evidence then interpretation,"canonical aliases, comparable share, coverage",Discovery surface cannot replace substantive brief; proof immediate; orientation slightly slower,4,5,4,4,3,5,5,86.0,86.4,84.4,Requires deterministic derivation or new adjudicated semantic artifact; see data_needed,Trust and publication gates in 01-goals-and-rubric.md apply before release
PAG-06-03,pages,Issue directory: compact rows and previews,chart then summary,"canonical aliases, comparable share, coverage",Discovery surface cannot replace substantive brief; trend dominates without substantive framing,4,4,3,4,3,5,5,78.8,77.2,78.0,Requires deterministic derivation or new adjudicated semantic artifact; see data_needed,Trust and publication gates in 01-goals-and-rubric.md apply before release
PAG-06-04,pages,Issue directory: compact rows and previews,arguments then evidence ledger,"canonical aliases, comparable share, coverage",Discovery surface cannot replace substantive brief; works only with genuine paired positions,4,4,4,4,4,5,5,83.6,83.6,82.4,Requires deterministic derivation or new adjudicated semantic artifact; see data_needed,Trust and publication gates in 01-goals-and-rubric.md apply before release
PAG-06-05,pages,Issue directory: compact rows and previews,single reading column,"canonical aliases, comparable share, coverage",Discovery surface cannot replace substantive brief; desktop comparison becomes sequential,4,4,4,4,3,5,5,81.6,82.0,79.6,Requires deterministic derivation or new adjudicated semantic artifact; see data_needed,Trust and publication gates in 01-goals-and-rubric.md apply before release
PAG-06-06,pages,Issue directory: compact rows and previews,desktop reading column plus sidebar,"canonical aliases, comparable share, coverage",Discovery surface cannot replace substantive brief; sidebar below key evidence on mobile,4,4,4,5,3,5,5,84.4,84.0,83.6,Requires deterministic derivation or new adjudicated semantic artifact; see data_needed,Trust and publication gates in 01-goals-and-rubric.md apply before release
PAG-06-07,pages,Issue directory: compact rows and previews,tabs for summary/claims/history,"canonical aliases, comparable share, coverage",Discovery surface cannot replace substantive brief; hidden sections need counts and direct routes,4,4,4,5,3,5,4,82.8,82.8,82.4,Requires deterministic derivation or new adjudicated semantic artifact; see data_needed,Trust and publication gates in 01-goals-and-rubric.md apply before release
PAG-06-08,pages,Issue directory: compact rows and previews,accordion sections,"canonical aliases, comparable share, coverage",Discovery surface cannot replace substantive brief; compact but disclosure can hide evidence,4,4,5,4,3,4,5,82.4,84.4,80.0,Requires deterministic derivation or new adjudicated semantic artifact; see data_needed,Trust and publication gates in 01-goals-and-rubric.md apply before release
PAG-06-09,pages,Issue directory: compact rows and previews,full table with expandable rows,"canonical aliases, comparable share, coverage",Discovery surface cannot replace substantive brief; research power with weaker narrative scan,4,4,3,5,3,5,4,80.0,78.0,80.8,Requires deterministic derivation or new adjudicated semantic artifact; see data_needed,Trust and publication gates in 01-goals-and-rubric.md apply before release
PAG-06-10,pages,Issue directory: compact rows and previews,current layout with corrected labels,"canonical aliases, comparable share, coverage",Discovery surface cannot replace substantive brief; preserves interaction; leaves some scroll cost,4,4,4,4,3,5,5,81.6,82.0,79.6,Requires deterministic derivation or new adjudicated semantic artifact; see data_needed,Trust and publication gates in 01-goals-and-rubric.md apply before release
PAG-07-01,pages,Source dossier: corpus gaps and contributions,summary then strongest evidence,"show/episode IDs, stages, gaps, issue links",Operational details should not crowd primary research; one-screen entry and clear depth,3,4,4,5,4,4,4,78.4,78.4,79.6,Presentation-ready; substantive content depends on approved corpus,Trust and publication gates in 01-goals-and-rubric.md apply before release
PAG-07-02,pages,Source dossier: corpus gaps and contributions,evidence then interpretation,"show/episode IDs, stages, gaps, issue links",Operational details should not crowd primary research; proof immediate; orientation slightly slower,3,5,3,5,4,4,4,80.0,78.0,82.8,Presentation-ready; substantive content depends on approved corpus,Trust and publication gates in 01-goals-and-rubric.md apply before release
PAG-07-03,pages,Source dossier: corpus gaps and contributions,chart then summary,"show/episode IDs, stages, gaps, issue links",Operational details should not crowd primary research; trend dominates without substantive framing,3,4,2,5,4,4,4,72.8,68.8,76.4,Presentation-ready; substantive content depends on approved corpus,Trust and publication gates in 01-goals-and-rubric.md apply before release
PAG-07-04,pages,Source dossier: corpus gaps and contributions,arguments then evidence ledger,"show/episode IDs, stages, gaps, issue links",Operational details should not crowd primary research; works only with genuine paired positions,3,4,3,5,5,4,4,77.6,75.2,80.8,Presentation-ready; substantive content depends on approved corpus,Trust and publication gates in 01-goals-and-rubric.md apply before release
PAG-07-05,pages,Source dossier: corpus gaps and contributions,single reading column,"show/episode IDs, stages, gaps, issue links",Operational details should not crowd primary research; desktop comparison becomes sequential,3,4,3,5,4,5,4,77.6,76.0,79.2,Presentation-ready; substantive content depends on approved corpus,Trust and publication gates in 01-goals-and-rubric.md apply before release
PAG-07-06,pages,Source dossier: corpus gaps and contributions,desktop reading column plus sidebar,"show/episode IDs, stages, gaps, issue links",Operational details should not crowd primary research; sidebar below key evidence on mobile,3,4,3,5,4,4,4,75.6,73.6,78.0,Presentation-ready; substantive content depends on approved corpus,Trust and publication gates in 01-goals-and-rubric.md apply before release
PAG-07-07,pages,Source dossier: corpus gaps and contributions,tabs for summary/claims/history,"show/episode IDs, stages, gaps, issue links",Operational details should not crowd primary research; hidden sections need counts and direct routes,3,4,3,5,4,4,3,74.0,72.4,76.8,Presentation-ready; substantive content depends on approved corpus,Trust and publication gates in 01-goals-and-rubric.md apply before release
PAG-07-08,pages,Source dossier: corpus gaps and contributions,accordion sections,"show/episode IDs, stages, gaps, issue links",Operational details should not crowd primary research; compact but disclosure can hide evidence,3,4,4,5,4,3,4,76.4,76.0,78.4,Presentation-ready; substantive content depends on approved corpus,Trust and publication gates in 01-goals-and-rubric.md apply before release
PAG-07-09,pages,Source dossier: corpus gaps and contributions,full table with expandable rows,"show/episode IDs, stages, gaps, issue links",Operational details should not crowd primary research; research power with weaker narrative scan,3,4,2,5,4,4,3,71.2,67.6,75.2,Presentation-ready; substantive content depends on approved corpus,Trust and publication gates in 01-goals-and-rubric.md apply before release
PAG-07-10,pages,Source dossier: corpus gaps and contributions,current layout with corrected labels,"show/episode IDs, stages, gaps, issue links",Operational details should not crowd primary research; preserves interaction; leaves some scroll cost,3,4,3,5,4,4,5,77.2,74.8,79.2,Presentation-ready; substantive content depends on approved corpus,Trust and publication gates in 01-goals-and-rubric.md apply before release
PAG-08-01,pages,Question results: cited answer and alternatives,summary then strongest evidence,"ranked resolution, answer citations, ambiguity",Literal matching must not pretend to answer the question; one-screen entry and clear depth,4,4,4,5,5,4,4,84.8,83.6,86.8,Presentation-ready; substantive content depends on approved corpus,Trust and publication gates in 01-goals-and-rubric.md apply before release
PAG-08-02,pages,Question results: cited answer and alternatives,evidence then interpretation,"ranked resolution, answer citations, ambiguity",Literal matching must not pretend to answer the question; proof immediate; orientation slightly slower,4,5,3,5,5,4,4,86.4,83.2,90.0,Presentation-ready; substantive content depends on approved corpus,Trust and publication gates in 01-goals-and-rubric.md apply before release
PAG-08-03,pages,Question results: cited answer and alternatives,chart then summary,"ranked resolution, answer citations, ambiguity",Literal matching must not pretend to answer the question; trend dominates without substantive framing,4,4,2,5,5,4,4,79.2,74.0,83.6,Presentation-ready; substantive content depends on approved corpus,Trust and publication gates in 01-goals-and-rubric.md apply before release
PAG-08-04,pages,Question results: cited answer and alternatives,arguments then evidence ledger,"ranked resolution, answer citations, ambiguity",Literal matching must not pretend to answer the question; works only with genuine paired positions,4,4,3,5,5,4,4,82.0,78.8,85.2,Presentation-ready; substantive content depends on approved corpus,Trust and publication gates in 01-goals-and-rubric.md apply before release
PAG-08-05,pages,Question results: cited answer and alternatives,single reading column,"ranked resolution, answer citations, ambiguity",Literal matching must not pretend to answer the question; desktop comparison becomes sequential,4,4,3,5,5,5,4,84.0,81.2,86.4,Presentation-ready; substantive content depends on approved corpus,Trust and publication gates in 01-goals-and-rubric.md apply before release
PAG-08-06,pages,Question results: cited answer and alternatives,desktop reading column plus sidebar,"ranked resolution, answer citations, ambiguity",Literal matching must not pretend to answer the question; sidebar below key evidence on mobile,4,4,3,5,5,4,4,82.0,78.8,85.2,Presentation-ready; substantive content depends on approved corpus,Trust and publication gates in 01-goals-and-rubric.md apply before release
PAG-08-07,pages,Question results: cited answer and alternatives,tabs for summary/claims/history,"ranked resolution, answer citations, ambiguity",Literal matching must not pretend to answer the question; hidden sections need counts and direct routes,4,4,3,5,5,4,3,80.4,77.6,84.0,Presentation-ready; substantive content depends on approved corpus,Trust and publication gates in 01-goals-and-rubric.md apply before release
PAG-08-08,pages,Question results: cited answer and alternatives,accordion sections,"ranked resolution, answer citations, ambiguity",Literal matching must not pretend to answer the question; compact but disclosure can hide evidence,4,4,4,5,5,3,4,82.8,81.2,85.6,Presentation-ready; substantive content depends on approved corpus,Trust and publication gates in 01-goals-and-rubric.md apply before release
PAG-08-09,pages,Question results: cited answer and alternatives,full table with expandable rows,"ranked resolution, answer citations, ambiguity",Literal matching must not pretend to answer the question; research power with weaker narrative scan,4,4,2,5,5,4,3,77.6,72.8,82.4,Presentation-ready; substantive content depends on approved corpus,Trust and publication gates in 01-goals-and-rubric.md apply before release
PAG-08-10,pages,Question results: cited answer and alternatives,current layout with corrected labels,"ranked resolution, answer citations, ambiguity",Literal matching must not pretend to answer the question; preserves interaction; leaves some scroll cost,4,4,3,5,5,4,5,83.6,80.0,86.4,Presentation-ready; substantive content depends on approved corpus,Trust and publication gates in 01-goals-and-rubric.md apply before release
PAG-09-01,pages,Disagreement dossier: proposition and assumptions,summary then strongest evidence,adjudicated opposition and differing assumptions,Opposite sentiment is not sufficient evidence of opposition; one-screen entry and clear depth,5,4,4,5,5,4,3,87.6,86.0,90.0,Requires deterministic derivation or new adjudicated semantic artifact; see data_needed,Trust and publication gates in 01-goals-and-rubric.md apply before release
PAG-09-02,pages,Disagreement dossier: proposition and assumptions,evidence then interpretation,adjudicated opposition and differing assumptions,Opposite sentiment is not sufficient evidence of opposition; proof immediate; orientation slightly slower,5,5,3,5,5,4,3,89.2,85.6,93.2,Requires deterministic derivation or new adjudicated semantic artifact; see data_needed,Trust and publication gates in 01-goals-and-rubric.md apply before release
PAG-09-03,pages,Disagreement dossier: proposition and assumptions,chart then summary,adjudicated opposition and differing assumptions,Opposite sentiment is not sufficient evidence of opposition; trend dominates without substantive framing,5,4,2,5,5,4,3,82.0,76.4,86.8,Requires deterministic derivation or new adjudicated semantic artifact; see data_needed,Trust and publication gates in 01-goals-and-rubric.md apply before release
PAG-09-04,pages,Disagreement dossier: proposition and assumptions,arguments then evidence ledger,adjudicated opposition and differing assumptions,Opposite sentiment is not sufficient evidence of opposition; works only with genuine paired positions,5,4,3,5,5,4,3,84.8,81.2,88.4,Requires deterministic derivation or new adjudicated semantic artifact; see data_needed,Trust and publication gates in 01-goals-and-rubric.md apply before release
PAG-09-05,pages,Disagreement dossier: proposition and assumptions,single reading column,adjudicated opposition and differing assumptions,Opposite sentiment is not sufficient evidence of opposition; desktop comparison becomes sequential,5,4,3,5,5,5,3,86.8,83.6,89.6,Requires deterministic derivation or new adjudicated semantic artifact; see data_needed,Trust and publication gates in 01-goals-and-rubric.md apply before release
PAG-09-06,pages,Disagreement dossier: proposition and assumptions,desktop reading column plus sidebar,adjudicated opposition and differing assumptions,Opposite sentiment is not sufficient evidence of opposition; sidebar below key evidence on mobile,5,4,3,5,5,4,3,84.8,81.2,88.4,Requires deterministic derivation or new adjudicated semantic artifact; see data_needed,Trust and publication gates in 01-goals-and-rubric.md apply before release
PAG-09-07,pages,Disagreement dossier: proposition and assumptions,tabs for summary/claims/history,adjudicated opposition and differing assumptions,Opposite sentiment is not sufficient evidence of opposition; hidden sections need counts and direct routes,5,4,3,5,5,4,2,83.2,80.0,87.2,Requires deterministic derivation or new adjudicated semantic artifact; see data_needed,Trust and publication gates in 01-goals-and-rubric.md apply before release
PAG-09-08,pages,Disagreement dossier: proposition and assumptions,accordion sections,adjudicated opposition and differing assumptions,Opposite sentiment is not sufficient evidence of opposition; compact but disclosure can hide evidence,5,4,4,5,5,3,3,85.6,83.6,88.8,Requires deterministic derivation or new adjudicated semantic artifact; see data_needed,Trust and publication gates in 01-goals-and-rubric.md apply before release
PAG-09-09,pages,Disagreement dossier: proposition and assumptions,full table with expandable rows,adjudicated opposition and differing assumptions,Opposite sentiment is not sufficient evidence of opposition; research power with weaker narrative scan,5,4,2,5,5,4,2,80.4,75.2,85.6,Requires deterministic derivation or new adjudicated semantic artifact; see data_needed,Trust and publication gates in 01-goals-and-rubric.md apply before release
PAG-09-10,pages,Disagreement dossier: proposition and assumptions,current layout with corrected labels,adjudicated opposition and differing assumptions,Opposite sentiment is not sufficient evidence of opposition; preserves interaction; leaves some scroll cost,5,4,3,5,5,4,4,86.4,82.4,89.6,Requires deterministic derivation or new adjudicated semantic artifact; see data_needed,Trust and publication gates in 01-goals-and-rubric.md apply before release
PAG-10-01,pages,Coverage page: stages and affected research,summary then strongest evidence,"stage denominators, freshness, scoped source membership",Intake form is secondary to explaining evidence limits; one-screen entry and clear depth,3,5,5,4,4,4,5,84.4,86.8,83.2,Presentation-ready; substantive content depends on approved corpus,Trust and publication gates in 01-goals-and-rubric.md apply before release
PAG-10-02,pages,Coverage page: stages and affected research,evidence then interpretation,"stage denominators, freshness, scoped source membership",Intake form is secondary to explaining evidence limits; proof immediate; orientation slightly slower,3,5,4,4,4,4,5,81.6,82.0,81.6,Presentation-ready; substantive content depends on approved corpus,Trust and publication gates in 01-goals-and-rubric.md apply before release
PAG-10-03,pages,Coverage page: stages and affected research,chart then summary,"stage denominators, freshness, scoped source membership",Intake form is secondary to explaining evidence limits; trend dominates without substantive framing,3,5,3,4,4,4,5,78.8,77.2,80.0,Presentation-ready; substantive content depends on approved corpus,Trust and publication gates in 01-goals-and-rubric.md apply before release
PAG-10-04,pages,Coverage page: stages and affected research,arguments then evidence ledger,"stage denominators, freshness, scoped source membership",Intake form is secondary to explaining evidence limits; works only with genuine paired positions,3,5,4,4,5,4,5,83.6,83.6,84.4,Presentation-ready; substantive content depends on approved corpus,Trust and publication gates in 01-goals-and-rubric.md apply before release
PAG-10-05,pages,Coverage page: stages and affected research,single reading column,"stage denominators, freshness, scoped source membership",Intake form is secondary to explaining evidence limits; desktop comparison becomes sequential,3,5,4,4,4,5,5,83.6,84.4,82.8,Presentation-ready; substantive content depends on approved corpus,Trust and publication gates in 01-goals-and-rubric.md apply before release
PAG-10-06,pages,Coverage page: stages and affected research,desktop reading column plus sidebar,"stage denominators, freshness, scoped source membership",Intake form is secondary to explaining evidence limits; sidebar below key evidence on mobile,3,5,4,5,4,4,5,84.4,84.0,85.6,Presentation-ready; substantive content depends on approved corpus,Trust and publication gates in 01-goals-and-rubric.md apply before release
PAG-10-07,pages,Coverage page: stages and affected research,tabs for summary/claims/history,"stage denominators, freshness, scoped source membership",Intake form is secondary to explaining evidence limits; hidden sections need counts and direct routes,3,5,4,5,4,4,4,82.8,82.8,84.4,Presentation-ready; substantive content depends on approved corpus,Trust and publication gates in 01-goals-and-rubric.md apply before release
PAG-10-08,pages,Coverage page: stages and affected research,accordion sections,"stage denominators, freshness, scoped source membership",Intake form is secondary to explaining evidence limits; compact but disclosure can hide evidence,3,5,5,4,4,3,5,82.4,84.4,82.0,Presentation-ready; substantive content depends on approved corpus,Trust and publication gates in 01-goals-and-rubric.md apply before release
PAG-10-09,pages,Coverage page: stages and affected research,full table with expandable rows,"stage denominators, freshness, scoped source membership",Intake form is secondary to explaining evidence limits; research power with weaker narrative scan,3,5,3,5,4,4,4,80.0,78.0,82.8,Presentation-ready; substantive content depends on approved corpus,Trust and publication gates in 01-goals-and-rubric.md apply before release
PAG-10-10,pages,Coverage page: stages and affected research,current layout with corrected labels,"stage denominators, freshness, scoped source membership",Intake form is secondary to explaining evidence limits; preserves interaction; leaves some scroll cost,3,5,4,4,4,4,5,81.6,82.0,81.6,Presentation-ready; substantive content depends on approved corpus,Trust and publication gates in 01-goals-and-rubric.md apply before release
COM-01-01,components,Cited claim card,always visible compact row,"claim text, speaker, date, evidence ID, source URL",Summary is distinct from verbatim quote; limited room for caveat; open detail,5,4,5,5,4,5,5,93.6,94.0,92.4,Presentation-ready; substantive content depends on approved corpus,Trust and publication gates in 01-goals-and-rubric.md apply before release
COM-01-02,components,Cited claim card,full-width editorial card,"claim text, speaker, date, evidence ID, source URL",Summary is distinct from verbatim quote; readable bounded excerpt,5,4,5,5,4,5,5,93.6,94.0,92.4,Presentation-ready; substantive content depends on approved corpus,Trust and publication gates in 01-goals-and-rubric.md apply before release
COM-01-03,components,Cited claim card,inline expandable detail,"claim text, speaker, date, evidence ID, source URL",Summary is distinct from verbatim quote; expansion preserves place,5,4,5,5,4,5,5,93.6,94.0,92.4,Presentation-ready; substantive content depends on approved corpus,Trust and publication gates in 01-goals-and-rubric.md apply before release
COM-01-04,components,Cited claim card,side drawer plus permalink,"claim text, speaker, date, evidence ID, source URL",Summary is distinct from verbatim quote; focus and back stack require care,5,4,5,5,4,5,4,92.0,92.8,91.2,Presentation-ready; substantive content depends on approved corpus,Trust and publication gates in 01-goals-and-rubric.md apply before release
COM-01-05,components,Cited claim card,dedicated routed detail,"claim text, speaker, date, evidence ID, source URL",Summary is distinct from verbatim quote; extra navigation but source addressable,5,4,5,5,4,5,5,93.6,94.0,92.4,Presentation-ready; substantive content depends on approved corpus,Trust and publication gates in 01-goals-and-rubric.md apply before release
COM-01-06,components,Cited claim card,hover preview plus click detail,"claim text, speaker, date, evidence ID, source URL","Summary is distinct from verbatim quote; hover enhancement only, never sole access",5,4,5,5,4,4,5,91.6,91.6,91.2,Presentation-ready; substantive content depends on approved corpus,Trust and publication gates in 01-goals-and-rubric.md apply before release
COM-01-07,components,Cited claim card,select-and-compare tray,"claim text, speaker, date, evidence ID, source URL",Summary is distinct from verbatim quote; state can distract from current task,5,4,5,5,5,5,4,94.0,94.4,94.0,Presentation-ready; substantive content depends on approved corpus,Trust and publication gates in 01-goals-and-rubric.md apply before release
COM-01-08,components,Cited claim card,pinned sidebar,"claim text, speaker, date, evidence ID, source URL",Summary is distinct from verbatim quote; moves below summary on mobile,5,4,5,5,4,4,5,91.6,91.6,91.2,Presentation-ready; substantive content depends on approved corpus,Trust and publication gates in 01-goals-and-rubric.md apply before release
COM-01-09,components,Cited claim card,chronological sequence,"claim text, speaker, date, evidence ID, source URL",Summary is distinct from verbatim quote; context clear; relevance still needs ranking,5,4,5,5,4,5,5,93.6,94.0,92.4,Presentation-ready; substantive content depends on approved corpus,Trust and publication gates in 01-goals-and-rubric.md apply before release
COM-01-10,components,Cited claim card,preserve appearance; improve semantics,"claim text, speaker, date, evidence ID, source URL",Summary is distinct from verbatim quote; labels and keyboard states first,5,5,5,5,4,5,5,98.0,98.4,97.2,Presentation-ready; substantive content depends on approved corpus,Trust and publication gates in 01-goals-and-rubric.md apply before release
COM-02-01,components,Before-and-after evidence pair,always visible compact row,"same proposition, earlier/later accepted claims",Cannot infer changed mind merely from topic-level sentiment; limited room for caveat; open detail,5,4,5,5,5,5,4,94.0,94.4,94.0,Requires deterministic derivation or new adjudicated semantic artifact; see data_needed,Trust and publication gates in 01-goals-and-rubric.md apply before release
COM-02-02,components,Before-and-after evidence pair,full-width editorial card,"same proposition, earlier/later accepted claims",Cannot infer changed mind merely from topic-level sentiment; readable bounded excerpt,5,4,4,5,5,5,4,91.2,89.6,92.4,Requires deterministic derivation or new adjudicated semantic artifact; see data_needed,Trust and publication gates in 01-goals-and-rubric.md apply before release
COM-02-03,components,Before-and-after evidence pair,inline expandable detail,"same proposition, earlier/later accepted claims",Cannot infer changed mind merely from topic-level sentiment; expansion preserves place,5,4,4,5,5,5,4,91.2,89.6,92.4,Requires deterministic derivation or new adjudicated semantic artifact; see data_needed,Trust and publication gates in 01-goals-and-rubric.md apply before release
COM-02-04,components,Before-and-after evidence pair,side drawer plus permalink,"same proposition, earlier/later accepted claims",Cannot infer changed mind merely from topic-level sentiment; focus and back stack require care,5,4,4,5,5,5,3,89.6,88.4,91.2,Requires deterministic derivation or new adjudicated semantic artifact; see data_needed,Trust and publication gates in 01-goals-and-rubric.md apply before release
COM-02-05,components,Before-and-after evidence pair,dedicated routed detail,"same proposition, earlier/later accepted claims",Cannot infer changed mind merely from topic-level sentiment; extra navigation but source addressable,5,4,4,5,5,5,5,92.8,90.8,93.6,Requires deterministic derivation or new adjudicated semantic artifact; see data_needed,Trust and publication gates in 01-goals-and-rubric.md apply before release
COM-02-06,components,Before-and-after evidence pair,hover preview plus click detail,"same proposition, earlier/later accepted claims","Cannot infer changed mind merely from topic-level sentiment; hover enhancement only, never sole access",5,4,5,5,5,4,4,92.0,92.0,92.8,Requires deterministic derivation or new adjudicated semantic artifact; see data_needed,Trust and publication gates in 01-goals-and-rubric.md apply before release
COM-02-07,components,Before-and-after evidence pair,select-and-compare tray,"same proposition, earlier/later accepted claims",Cannot infer changed mind merely from topic-level sentiment; state can distract from current task,5,4,4,5,5,5,3,89.6,88.4,91.2,Requires deterministic derivation or new adjudicated semantic artifact; see data_needed,Trust and publication gates in 01-goals-and-rubric.md apply before release
COM-02-08,components,Before-and-after evidence pair,pinned sidebar,"same proposition, earlier/later accepted claims",Cannot infer changed mind merely from topic-level sentiment; moves below summary on mobile,5,4,5,5,5,4,4,92.0,92.0,92.8,Requires deterministic derivation or new adjudicated semantic artifact; see data_needed,Trust and publication gates in 01-goals-and-rubric.md apply before release
COM-02-09,components,Before-and-after evidence pair,chronological sequence,"same proposition, earlier/later accepted claims",Cannot infer changed mind merely from topic-level sentiment; context clear; relevance still needs ranking,5,4,4,5,5,5,4,91.2,89.6,92.4,Requires deterministic derivation or new adjudicated semantic artifact; see data_needed,Trust and publication gates in 01-goals-and-rubric.md apply before release
COM-02-10,components,Before-and-after evidence pair,preserve appearance; improve semantics,"same proposition, earlier/later accepted claims",Cannot infer changed mind merely from topic-level sentiment; labels and keyboard states first,5,5,4,5,5,5,5,97.2,95.2,98.4,Requires deterministic derivation or new adjudicated semantic artifact; see data_needed,Trust and publication gates in 01-goals-and-rubric.md apply before release
COM-03-01,components,Opposing argument pair,always visible compact row,paired proposition IDs and accepted evidence,False balance if no genuine opposing evidence exists; limited room for caveat; open detail,5,4,5,5,5,5,4,94.0,94.4,94.0,Requires deterministic derivation or new adjudicated semantic artifact; see data_needed,Trust and publication gates in 01-goals-and-rubric.md apply before release
COM-03-02,components,Opposing argument pair,full-width editorial card,paired proposition IDs and accepted evidence,False balance if no genuine opposing evidence exists; readable bounded excerpt,5,4,4,5,5,5,4,91.2,89.6,92.4,Requires deterministic derivation or new adjudicated semantic artifact; see data_needed,Trust and publication gates in 01-goals-and-rubric.md apply before release
COM-03-03,components,Opposing argument pair,inline expandable detail,paired proposition IDs and accepted evidence,False balance if no genuine opposing evidence exists; expansion preserves place,5,4,4,5,5,5,4,91.2,89.6,92.4,Requires deterministic derivation or new adjudicated semantic artifact; see data_needed,Trust and publication gates in 01-goals-and-rubric.md apply before release
COM-03-04,components,Opposing argument pair,side drawer plus permalink,paired proposition IDs and accepted evidence,False balance if no genuine opposing evidence exists; focus and back stack require care,5,4,4,5,5,5,3,89.6,88.4,91.2,Requires deterministic derivation or new adjudicated semantic artifact; see data_needed,Trust and publication gates in 01-goals-and-rubric.md apply before release
COM-03-05,components,Opposing argument pair,dedicated routed detail,paired proposition IDs and accepted evidence,False balance if no genuine opposing evidence exists; extra navigation but source addressable,5,4,4,5,5,5,5,92.8,90.8,93.6,Requires deterministic derivation or new adjudicated semantic artifact; see data_needed,Trust and publication gates in 01-goals-and-rubric.md apply before release
COM-03-06,components,Opposing argument pair,hover preview plus click detail,paired proposition IDs and accepted evidence,"False balance if no genuine opposing evidence exists; hover enhancement only, never sole access",5,4,5,5,5,4,4,92.0,92.0,92.8,Requires deterministic derivation or new adjudicated semantic artifact; see data_needed,Trust and publication gates in 01-goals-and-rubric.md apply before release
COM-03-07,components,Opposing argument pair,select-and-compare tray,paired proposition IDs and accepted evidence,False balance if no genuine opposing evidence exists; state can distract from current task,5,4,4,5,5,5,3,89.6,88.4,91.2,Requires deterministic derivation or new adjudicated semantic artifact; see data_needed,Trust and publication gates in 01-goals-and-rubric.md apply before release
COM-03-08,components,Opposing argument pair,pinned sidebar,paired proposition IDs and accepted evidence,False balance if no genuine opposing evidence exists; moves below summary on mobile,5,4,5,5,5,4,4,92.0,92.0,92.8,Requires deterministic derivation or new adjudicated semantic artifact; see data_needed,Trust and publication gates in 01-goals-and-rubric.md apply before release
COM-03-09,components,Opposing argument pair,chronological sequence,paired proposition IDs and accepted evidence,False balance if no genuine opposing evidence exists; context clear; relevance still needs ranking,5,4,4,5,5,5,4,91.2,89.6,92.4,Requires deterministic derivation or new adjudicated semantic artifact; see data_needed,Trust and publication gates in 01-goals-and-rubric.md apply before release
COM-03-10,components,Opposing argument pair,preserve appearance; improve semantics,paired proposition IDs and accepted evidence,False balance if no genuine opposing evidence exists; labels and keyboard states first,5,5,4,5,5,5,5,97.2,95.2,98.4,Requires deterministic derivation or new adjudicated semantic artifact; see data_needed,Trust and publication gates in 01-goals-and-rubric.md apply before release
COM-04-01,components,Compact issue row with chart preview,always visible compact row,"title, share series, dates, breadth",Chart scale and low coverage must be legible; limited room for caveat; open detail,4,4,5,4,3,5,5,84.4,86.8,81.2,Requires deterministic derivation or new adjudicated semantic artifact; see data_needed,Trust and publication gates in 01-goals-and-rubric.md apply before release
COM-04-02,components,Compact issue row with chart preview,full-width editorial card,"title, share series, dates, breadth",Chart scale and low coverage must be legible; readable bounded excerpt,4,4,4,4,3,5,5,81.6,82.0,79.6,Requires deterministic derivation or new adjudicated semantic artifact; see data_needed,Trust and publication gates in 01-goals-and-rubric.md apply before release
COM-04-03,components,Compact issue row with chart preview,inline expandable detail,"title, share series, dates, breadth",Chart scale and low coverage must be legible; expansion preserves place,4,4,4,5,3,5,5,84.4,84.0,83.6,Requires deterministic derivation or new adjudicated semantic artifact; see data_needed,Trust and publication gates in 01-goals-and-rubric.md apply before release
COM-04-04,components,Compact issue row with chart preview,side drawer plus permalink,"title, share series, dates, breadth",Chart scale and low coverage must be legible; focus and back stack require care,4,4,4,5,3,5,4,82.8,82.8,82.4,Requires deterministic derivation or new adjudicated semantic artifact; see data_needed,Trust and publication gates in 01-goals-and-rubric.md apply before release
COM-04-05,components,Compact issue row with chart preview,dedicated routed detail,"title, share series, dates, breadth",Chart scale and low coverage must be legible; extra navigation but source addressable,4,4,4,5,3,5,5,84.4,84.0,83.6,Requires deterministic derivation or new adjudicated semantic artifact; see data_needed,Trust and publication gates in 01-goals-and-rubric.md apply before release
COM-04-06,components,Compact issue row with chart preview,hover preview plus click detail,"title, share series, dates, breadth","Chart scale and low coverage must be legible; hover enhancement only, never sole access",4,4,5,4,3,4,5,82.4,84.4,80.0,Requires deterministic derivation or new adjudicated semantic artifact; see data_needed,Trust and publication gates in 01-goals-and-rubric.md apply before release
COM-04-07,components,Compact issue row with chart preview,select-and-compare tray,"title, share series, dates, breadth",Chart scale and low coverage must be legible; state can distract from current task,4,4,4,4,4,5,4,82.0,82.4,81.2,Requires deterministic derivation or new adjudicated semantic artifact; see data_needed,Trust and publication gates in 01-goals-and-rubric.md apply before release
COM-04-08,components,Compact issue row with chart preview,pinned sidebar,"title, share series, dates, breadth",Chart scale and low coverage must be legible; moves below summary on mobile,4,4,5,4,3,4,5,82.4,84.4,80.0,Requires deterministic derivation or new adjudicated semantic artifact; see data_needed,Trust and publication gates in 01-goals-and-rubric.md apply before release
COM-04-09,components,Compact issue row with chart preview,chronological sequence,"title, share series, dates, breadth",Chart scale and low coverage must be legible; context clear; relevance still needs ranking,4,4,4,5,3,5,5,84.4,84.0,83.6,Requires deterministic derivation or new adjudicated semantic artifact; see data_needed,Trust and publication gates in 01-goals-and-rubric.md apply before release
COM-04-10,components,Compact issue row with chart preview,preserve appearance; improve semantics,"title, share series, dates, breadth",Chart scale and low coverage must be legible; labels and keyboard states first,4,5,4,4,3,5,5,86.0,86.4,84.4,Requires deterministic derivation or new adjudicated semantic artifact; see data_needed,Trust and publication gates in 01-goals-and-rubric.md apply before release
COM-05-01,components,Context drawer with permanent evidence route,always visible compact row,bounded context and origin state,Drawer must preserve keyboard focus and deep link; limited room for caveat; open detail,3,5,5,5,4,5,4,87.6,90.0,87.2,Presentation-ready; substantive content depends on approved corpus,Trust and publication gates in 01-goals-and-rubric.md apply before release
COM-05-02,components,Context drawer with permanent evidence route,full-width editorial card,bounded context and origin state,Drawer must preserve keyboard focus and deep link; readable bounded excerpt,3,5,4,5,4,5,4,84.8,85.2,85.6,Presentation-ready; substantive content depends on approved corpus,Trust and publication gates in 01-goals-and-rubric.md apply before release
COM-05-03,components,Context drawer with permanent evidence route,inline expandable detail,bounded context and origin state,Drawer must preserve keyboard focus and deep link; expansion preserves place,3,5,4,5,4,5,4,84.8,85.2,85.6,Presentation-ready; substantive content depends on approved corpus,Trust and publication gates in 01-goals-and-rubric.md apply before release
COM-05-04,components,Context drawer with permanent evidence route,side drawer plus permalink,bounded context and origin state,Drawer must preserve keyboard focus and deep link; focus and back stack require care,3,5,4,5,4,5,3,83.2,84.0,84.4,Presentation-ready; substantive content depends on approved corpus,Trust and publication gates in 01-goals-and-rubric.md apply before release
COM-05-05,components,Context drawer with permanent evidence route,dedicated routed detail,bounded context and origin state,Drawer must preserve keyboard focus and deep link; extra navigation but source addressable,3,5,4,5,4,5,5,86.4,86.4,86.8,Presentation-ready; substantive content depends on approved corpus,Trust and publication gates in 01-goals-and-rubric.md apply before release
COM-05-06,components,Context drawer with permanent evidence route,hover preview plus click detail,bounded context and origin state,"Drawer must preserve keyboard focus and deep link; hover enhancement only, never sole access",3,5,5,5,4,4,4,85.6,87.6,86.0,Presentation-ready; substantive content depends on approved corpus,Trust and publication gates in 01-goals-and-rubric.md apply before release
COM-05-07,components,Context drawer with permanent evidence route,select-and-compare tray,bounded context and origin state,Drawer must preserve keyboard focus and deep link; state can distract from current task,3,5,4,5,5,5,3,85.2,85.6,87.2,Presentation-ready; substantive content depends on approved corpus,Trust and publication gates in 01-goals-and-rubric.md apply before release
COM-05-08,components,Context drawer with permanent evidence route,pinned sidebar,bounded context and origin state,Drawer must preserve keyboard focus and deep link; moves below summary on mobile,3,5,5,5,4,4,4,85.6,87.6,86.0,Presentation-ready; substantive content depends on approved corpus,Trust and publication gates in 01-goals-and-rubric.md apply before release
COM-05-09,components,Context drawer with permanent evidence route,chronological sequence,bounded context and origin state,Drawer must preserve keyboard focus and deep link; context clear; relevance still needs ranking,3,5,4,5,4,5,4,84.8,85.2,85.6,Presentation-ready; substantive content depends on approved corpus,Trust and publication gates in 01-goals-and-rubric.md apply before release
COM-05-10,components,Context drawer with permanent evidence route,preserve appearance; improve semantics,bounded context and origin state,Drawer must preserve keyboard focus and deep link; labels and keyboard states first,3,5,4,5,4,5,5,86.4,86.4,86.8,Presentation-ready; substantive content depends on approved corpus,Trust and publication gates in 01-goals-and-rubric.md apply before release
COM-06-01,components,Coverage badge with scoped drill-down,always visible compact row,"denominators, dates, scope IDs",Generic coverage destination defeats contextual promise; limited room for caveat; open detail,3,5,5,4,4,5,5,86.4,89.2,84.4,Presentation-ready; substantive content depends on approved corpus,Trust and publication gates in 01-goals-and-rubric.md apply before release
COM-06-02,components,Coverage badge with scoped drill-down,full-width editorial card,"denominators, dates, scope IDs",Generic coverage destination defeats contextual promise; readable bounded excerpt,3,5,4,4,4,5,5,83.6,84.4,82.8,Presentation-ready; substantive content depends on approved corpus,Trust and publication gates in 01-goals-and-rubric.md apply before release
COM-06-03,components,Coverage badge with scoped drill-down,inline expandable detail,"denominators, dates, scope IDs",Generic coverage destination defeats contextual promise; expansion preserves place,3,5,4,5,4,5,5,86.4,86.4,86.8,Presentation-ready; substantive content depends on approved corpus,Trust and publication gates in 01-goals-and-rubric.md apply before release
COM-06-04,components,Coverage badge with scoped drill-down,side drawer plus permalink,"denominators, dates, scope IDs",Generic coverage destination defeats contextual promise; focus and back stack require care,3,5,4,5,4,5,4,84.8,85.2,85.6,Presentation-ready; substantive content depends on approved corpus,Trust and publication gates in 01-goals-and-rubric.md apply before release
COM-06-05,components,Coverage badge with scoped drill-down,dedicated routed detail,"denominators, dates, scope IDs",Generic coverage destination defeats contextual promise; extra navigation but source addressable,3,5,4,5,4,5,5,86.4,86.4,86.8,Presentation-ready; substantive content depends on approved corpus,Trust and publication gates in 01-goals-and-rubric.md apply before release
COM-06-06,components,Coverage badge with scoped drill-down,hover preview plus click detail,"denominators, dates, scope IDs","Generic coverage destination defeats contextual promise; hover enhancement only, never sole access",3,5,5,4,4,4,5,84.4,86.8,83.2,Presentation-ready; substantive content depends on approved corpus,Trust and publication gates in 01-goals-and-rubric.md apply before release
COM-06-07,components,Coverage badge with scoped drill-down,select-and-compare tray,"denominators, dates, scope IDs",Generic coverage destination defeats contextual promise; state can distract from current task,3,5,4,4,5,5,4,84.0,84.8,84.4,Presentation-ready; substantive content depends on approved corpus,Trust and publication gates in 01-goals-and-rubric.md apply before release
COM-06-08,components,Coverage badge with scoped drill-down,pinned sidebar,"denominators, dates, scope IDs",Generic coverage destination defeats contextual promise; moves below summary on mobile,3,5,5,4,4,4,5,84.4,86.8,83.2,Presentation-ready; substantive content depends on approved corpus,Trust and publication gates in 01-goals-and-rubric.md apply before release
COM-06-09,components,Coverage badge with scoped drill-down,chronological sequence,"denominators, dates, scope IDs",Generic coverage destination defeats contextual promise; context clear; relevance still needs ranking,3,5,4,5,4,5,5,86.4,86.4,86.8,Presentation-ready; substantive content depends on approved corpus,Trust and publication gates in 01-goals-and-rubric.md apply before release
COM-06-10,components,Coverage badge with scoped drill-down,preserve appearance; improve semantics,"denominators, dates, scope IDs",Generic coverage destination defeats contextual promise; labels and keyboard states first,3,5,4,4,4,5,5,83.6,84.4,82.8,Presentation-ready; substantive content depends on approved corpus,Trust and publication gates in 01-goals-and-rubric.md apply before release
COM-07-01,components,Two-minute summary with expandable depth,always visible compact row,"cited summary, claims, evidence anchors",Collapsed material must remain accessible and findable; limited room for caveat; open detail,5,4,5,5,4,5,5,93.6,94.0,92.4,Presentation-ready; substantive content depends on approved corpus,Trust and publication gates in 01-goals-and-rubric.md apply before release
COM-07-02,components,Two-minute summary with expandable depth,full-width editorial card,"cited summary, claims, evidence anchors",Collapsed material must remain accessible and findable; readable bounded excerpt,5,4,5,5,4,5,5,93.6,94.0,92.4,Presentation-ready; substantive content depends on approved corpus,Trust and publication gates in 01-goals-and-rubric.md apply before release
COM-07-03,components,Two-minute summary with expandable depth,inline expandable detail,"cited summary, claims, evidence anchors",Collapsed material must remain accessible and findable; expansion preserves place,5,4,5,5,4,5,5,93.6,94.0,92.4,Presentation-ready; substantive content depends on approved corpus,Trust and publication gates in 01-goals-and-rubric.md apply before release
COM-07-04,components,Two-minute summary with expandable depth,side drawer plus permalink,"cited summary, claims, evidence anchors",Collapsed material must remain accessible and findable; focus and back stack require care,5,4,5,5,4,5,4,92.0,92.8,91.2,Presentation-ready; substantive content depends on approved corpus,Trust and publication gates in 01-goals-and-rubric.md apply before release
COM-07-05,components,Two-minute summary with expandable depth,dedicated routed detail,"cited summary, claims, evidence anchors",Collapsed material must remain accessible and findable; extra navigation but source addressable,5,4,5,5,4,5,5,93.6,94.0,92.4,Presentation-ready; substantive content depends on approved corpus,Trust and publication gates in 01-goals-and-rubric.md apply before release
COM-07-06,components,Two-minute summary with expandable depth,hover preview plus click detail,"cited summary, claims, evidence anchors","Collapsed material must remain accessible and findable; hover enhancement only, never sole access",5,4,5,5,4,4,5,91.6,91.6,91.2,Presentation-ready; substantive content depends on approved corpus,Trust and publication gates in 01-goals-and-rubric.md apply before release
COM-07-07,components,Two-minute summary with expandable depth,select-and-compare tray,"cited summary, claims, evidence anchors",Collapsed material must remain accessible and findable; state can distract from current task,5,4,5,5,5,5,4,94.0,94.4,94.0,Presentation-ready; substantive content depends on approved corpus,Trust and publication gates in 01-goals-and-rubric.md apply before release
COM-07-08,components,Two-minute summary with expandable depth,pinned sidebar,"cited summary, claims, evidence anchors",Collapsed material must remain accessible and findable; moves below summary on mobile,5,4,5,5,4,4,5,91.6,91.6,91.2,Presentation-ready; substantive content depends on approved corpus,Trust and publication gates in 01-goals-and-rubric.md apply before release
COM-07-09,components,Two-minute summary with expandable depth,chronological sequence,"cited summary, claims, evidence anchors",Collapsed material must remain accessible and findable; context clear; relevance still needs ranking,5,4,5,5,4,5,5,93.6,94.0,92.4,Presentation-ready; substantive content depends on approved corpus,Trust and publication gates in 01-goals-and-rubric.md apply before release
COM-07-10,components,Two-minute summary with expandable depth,preserve appearance; improve semantics,"cited summary, claims, evidence anchors",Collapsed material must remain accessible and findable; labels and keyboard states first,5,5,5,5,4,5,5,98.0,98.4,97.2,Presentation-ready; substantive content depends on approved corpus,Trust and publication gates in 01-goals-and-rubric.md apply before release
COM-08-01,components,Credibility explanation panel,always visible compact row,domain expertise basis and provenance,A number without inputs is not useful credibility; limited room for caveat; open detail,4,5,5,5,4,4,4,90.0,91.2,90.4,Presentation-ready; substantive content depends on approved corpus,Trust and publication gates in 01-goals-and-rubric.md apply before release
COM-08-02,components,Credibility explanation panel,full-width editorial card,domain expertise basis and provenance,A number without inputs is not useful credibility; readable bounded excerpt,4,5,4,5,4,5,4,89.2,88.8,90.0,Presentation-ready; substantive content depends on approved corpus,Trust and publication gates in 01-goals-and-rubric.md apply before release
COM-08-03,components,Credibility explanation panel,inline expandable detail,domain expertise basis and provenance,A number without inputs is not useful credibility; expansion preserves place,4,5,4,5,4,4,4,87.2,86.4,88.8,Presentation-ready; substantive content depends on approved corpus,Trust and publication gates in 01-goals-and-rubric.md apply before release
COM-08-04,components,Credibility explanation panel,side drawer plus permalink,domain expertise basis and provenance,A number without inputs is not useful credibility; focus and back stack require care,4,5,4,5,4,4,3,85.6,85.2,87.6,Presentation-ready; substantive content depends on approved corpus,Trust and publication gates in 01-goals-and-rubric.md apply before release
COM-08-05,components,Credibility explanation panel,dedicated routed detail,domain expertise basis and provenance,A number without inputs is not useful credibility; extra navigation but source addressable,4,5,4,5,4,4,5,88.8,87.6,90.0,Presentation-ready; substantive content depends on approved corpus,Trust and publication gates in 01-goals-and-rubric.md apply before release
COM-08-06,components,Credibility explanation panel,hover preview plus click detail,domain expertise basis and provenance,"A number without inputs is not useful credibility; hover enhancement only, never sole access",4,5,5,5,4,3,4,88.0,88.8,89.2,Presentation-ready; substantive content depends on approved corpus,Trust and publication gates in 01-goals-and-rubric.md apply before release
COM-08-07,components,Credibility explanation panel,select-and-compare tray,domain expertise basis and provenance,A number without inputs is not useful credibility; state can distract from current task,4,5,4,5,5,4,3,87.6,86.8,90.4,Presentation-ready; substantive content depends on approved corpus,Trust and publication gates in 01-goals-and-rubric.md apply before release
COM-08-08,components,Credibility explanation panel,pinned sidebar,domain expertise basis and provenance,A number without inputs is not useful credibility; moves below summary on mobile,4,5,5,5,4,3,4,88.0,88.8,89.2,Presentation-ready; substantive content depends on approved corpus,Trust and publication gates in 01-goals-and-rubric.md apply before release
COM-08-09,components,Credibility explanation panel,chronological sequence,domain expertise basis and provenance,A number without inputs is not useful credibility; context clear; relevance still needs ranking,4,5,4,5,4,4,4,87.2,86.4,88.8,Presentation-ready; substantive content depends on approved corpus,Trust and publication gates in 01-goals-and-rubric.md apply before release
COM-08-10,components,Credibility explanation panel,preserve appearance; improve semantics,domain expertise basis and provenance,A number without inputs is not useful credibility; labels and keyboard states first,4,5,4,5,4,4,5,88.8,87.6,90.0,Presentation-ready; substantive content depends on approved corpus,Trust and publication gates in 01-goals-and-rubric.md apply before release
COM-09-01,components,Research trail and return control,always visible compact row,"route, filters, month, origin, scroll",Do not leak personal research history into shared URLs; limited room for caveat; open detail,3,4,5,5,4,5,5,84.8,86.8,83.6,Presentation-ready; substantive content depends on approved corpus,Trust and publication gates in 01-goals-and-rubric.md apply before release
COM-09-02,components,Research trail and return control,full-width editorial card,"route, filters, month, origin, scroll",Do not leak personal research history into shared URLs; readable bounded excerpt,3,4,4,5,4,5,5,82.0,82.0,82.0,Presentation-ready; substantive content depends on approved corpus,Trust and publication gates in 01-goals-and-rubric.md apply before release
COM-09-03,components,Research trail and return control,inline expandable detail,"route, filters, month, origin, scroll",Do not leak personal research history into shared URLs; expansion preserves place,3,4,4,5,4,5,5,82.0,82.0,82.0,Presentation-ready; substantive content depends on approved corpus,Trust and publication gates in 01-goals-and-rubric.md apply before release
COM-09-04,components,Research trail and return control,side drawer plus permalink,"route, filters, month, origin, scroll",Do not leak personal research history into shared URLs; focus and back stack require care,3,4,4,5,4,5,4,80.4,80.8,80.8,Presentation-ready; substantive content depends on approved corpus,Trust and publication gates in 01-goals-and-rubric.md apply before release
COM-09-05,components,Research trail and return control,dedicated routed detail,"route, filters, month, origin, scroll",Do not leak personal research history into shared URLs; extra navigation but source addressable,3,4,4,5,4,5,5,82.0,82.0,82.0,Presentation-ready; substantive content depends on approved corpus,Trust and publication gates in 01-goals-and-rubric.md apply before release
COM-09-06,components,Research trail and return control,hover preview plus click detail,"route, filters, month, origin, scroll","Do not leak personal research history into shared URLs; hover enhancement only, never sole access",3,4,5,5,4,4,5,82.8,84.4,82.4,Presentation-ready; substantive content depends on approved corpus,Trust and publication gates in 01-goals-and-rubric.md apply before release
COM-09-07,components,Research trail and return control,select-and-compare tray,"route, filters, month, origin, scroll",Do not leak personal research history into shared URLs; state can distract from current task,3,4,4,5,5,5,4,82.4,82.4,83.6,Presentation-ready; substantive content depends on approved corpus,Trust and publication gates in 01-goals-and-rubric.md apply before release
COM-09-08,components,Research trail and return control,pinned sidebar,"route, filters, month, origin, scroll",Do not leak personal research history into shared URLs; moves below summary on mobile,3,4,5,5,4,4,5,82.8,84.4,82.4,Presentation-ready; substantive content depends on approved corpus,Trust and publication gates in 01-goals-and-rubric.md apply before release
COM-09-09,components,Research trail and return control,chronological sequence,"route, filters, month, origin, scroll",Do not leak personal research history into shared URLs; context clear; relevance still needs ranking,3,4,4,5,4,5,5,82.0,82.0,82.0,Presentation-ready; substantive content depends on approved corpus,Trust and publication gates in 01-goals-and-rubric.md apply before release
COM-09-10,components,Research trail and return control,preserve appearance; improve semantics,"route, filters, month, origin, scroll",Do not leak personal research history into shared URLs; labels and keyboard states first,3,5,4,5,4,5,5,86.4,86.4,86.8,Presentation-ready; substantive content depends on approved corpus,Trust and publication gates in 01-goals-and-rubric.md apply before release
COM-10-01,components,Saved collection and follow toggle,always visible compact row,private local or authenticated preference state,Cross-device sync and notifications are separate capabilities; limited room for caveat; open detail,3,4,5,4,4,4,2,75.2,78.8,74.8,Requires private preference/delivery infrastructure; no external sending enabled,Trust and publication gates in 01-goals-and-rubric.md apply before release
COM-10-02,components,Saved collection and follow toggle,full-width editorial card,private local or authenticated preference state,Cross-device sync and notifications are separate capabilities; readable bounded excerpt,3,4,4,4,4,5,2,74.4,76.4,74.4,Requires private preference/delivery infrastructure; no external sending enabled,Trust and publication gates in 01-goals-and-rubric.md apply before release
COM-10-03,components,Saved collection and follow toggle,inline expandable detail,private local or authenticated preference state,Cross-device sync and notifications are separate capabilities; expansion preserves place,3,4,4,5,4,4,2,75.2,76.0,77.2,Requires private preference/delivery infrastructure; no external sending enabled,Trust and publication gates in 01-goals-and-rubric.md apply before release
COM-10-04,components,Saved collection and follow toggle,side drawer plus permalink,private local or authenticated preference state,Cross-device sync and notifications are separate capabilities; focus and back stack require care,3,4,4,5,4,4,1,73.6,74.8,76.0,Requires private preference/delivery infrastructure; no external sending enabled,Trust and publication gates in 01-goals-and-rubric.md apply before release
COM-10-05,components,Saved collection and follow toggle,dedicated routed detail,private local or authenticated preference state,Cross-device sync and notifications are separate capabilities; extra navigation but source addressable,3,4,4,5,4,4,3,76.8,77.2,78.4,Requires private preference/delivery infrastructure; no external sending enabled,Trust and publication gates in 01-goals-and-rubric.md apply before release
COM-10-06,components,Saved collection and follow toggle,hover preview plus click detail,private local or authenticated preference state,"Cross-device sync and notifications are separate capabilities; hover enhancement only, never sole access",3,4,5,4,4,3,2,73.2,76.4,73.6,Requires private preference/delivery infrastructure; no external sending enabled,Trust and publication gates in 01-goals-and-rubric.md apply before release
COM-10-07,components,Saved collection and follow toggle,select-and-compare tray,private local or authenticated preference state,Cross-device sync and notifications are separate capabilities; state can distract from current task,3,4,4,4,5,4,1,72.8,74.4,74.8,Requires private preference/delivery infrastructure; no external sending enabled,Trust and publication gates in 01-goals-and-rubric.md apply before release
COM-10-08,components,Saved collection and follow toggle,pinned sidebar,private local or authenticated preference state,Cross-device sync and notifications are separate capabilities; moves below summary on mobile,3,4,5,4,4,3,2,73.2,76.4,73.6,Requires private preference/delivery infrastructure; no external sending enabled,Trust and publication gates in 01-goals-and-rubric.md apply before release
COM-10-09,components,Saved collection and follow toggle,chronological sequence,private local or authenticated preference state,Cross-device sync and notifications are separate capabilities; context clear; relevance still needs ranking,3,4,4,5,4,4,2,75.2,76.0,77.2,Requires private preference/delivery infrastructure; no external sending enabled,Trust and publication gates in 01-goals-and-rubric.md apply before release
COM-10-10,components,Saved collection and follow toggle,preserve appearance; improve semantics,private local or authenticated preference state,Cross-device sync and notifications are separate capabilities; labels and keyboard states first,3,5,4,4,4,4,3,78.4,79.6,79.2,Requires private preference/delivery infrastructure; no external sending enabled,Trust and publication gates in 01-goals-and-rubric.md apply before release
VIS-01-01,visualizations,Small-multiple attention-share lines,inline preview with accessible detail,"normalized monthly counts, denominator, missing periods",Same scale needed for cross-issue comparison; small preview cannot carry full interpretation,4,4,5,5,4,5,5,89.2,90.4,88.0,Presentation-ready; substantive content depends on approved corpus,Trust and publication gates in 01-goals-and-rubric.md apply before release
VIS-01-02,visualizations,Small-multiple attention-share lines,large primary analytical view,"normalized monthly counts, denominator, missing periods",Same scale needed for cross-issue comparison; dominates first viewport,4,4,3,5,4,4,4,80.0,77.2,82.4,Presentation-ready; substantive content depends on approved corpus,Trust and publication gates in 01-goals-and-rubric.md apply before release
VIS-01-03,visualizations,Small-multiple attention-share lines,common scale across comparable rows,"normalized monthly counts, denominator, missing periods",Same scale needed for cross-issue comparison; small series may appear flat,4,5,4,5,5,4,5,90.8,89.2,92.8,Presentation-ready; substantive content depends on approved corpus,Trust and publication gates in 01-goals-and-rubric.md apply before release
VIS-01-04,visualizations,Small-multiple attention-share lines,local scale clearly labeled,"normalized monthly counts, denominator, missing periods",Same scale needed for cross-issue comparison; shape only; not cross-issue magnitude,4,4,4,5,4,4,5,84.4,83.2,85.2,Presentation-ready; substantive content depends on approved corpus,Trust and publication gates in 01-goals-and-rubric.md apply before release
VIS-01-05,visualizations,Small-multiple attention-share lines,baseline/current toggle,"normalized monthly counts, denominator, missing periods",Same scale needed for cross-issue comparison; period definitions must remain visible,4,4,4,5,5,4,4,84.8,83.6,86.8,Presentation-ready; substantive content depends on approved corpus,Trust and publication gates in 01-goals-and-rubric.md apply before release
VIS-01-06,visualizations,Small-multiple attention-share lines,coverage overlay and data table,"normalized monthly counts, denominator, missing periods",Same scale needed for cross-issue comparison; clutter managed through disclosure,4,5,4,5,4,5,5,90.8,90.0,91.2,Presentation-ready; substantive content depends on approved corpus,Trust and publication gates in 01-goals-and-rubric.md apply before release
VIS-01-07,visualizations,Small-multiple attention-share lines,direct evidence selection,"normalized monthly counts, denominator, missing periods",Same scale needed for cross-issue comparison; selected slice must govern all dependent sections,4,4,4,5,4,4,5,84.4,83.2,85.2,Presentation-ready; substantive content depends on approved corpus,Trust and publication gates in 01-goals-and-rubric.md apply before release
VIS-01-08,visualizations,Small-multiple attention-share lines,ranked alongside textual takeaway,"normalized monthly counts, denominator, missing periods",Same scale needed for cross-issue comparison; takeaway must be evidence-bound,5,4,5,5,4,4,5,91.6,91.6,91.2,Presentation-ready; substantive content depends on approved corpus,Trust and publication gates in 01-goals-and-rubric.md apply before release
VIS-01-09,visualizations,Small-multiple attention-share lines,mobile stacked panels,"normalized monthly counts, denominator, missing periods",Same scale needed for cross-issue comparison; vertical length grows,4,4,4,5,4,5,5,86.4,85.6,86.4,Presentation-ready; substantive content depends on approved corpus,Trust and publication gates in 01-goals-and-rubric.md apply before release
VIS-01-10,visualizations,Small-multiple attention-share lines,full historical explorer,"normalized monthly counts, denominator, missing periods",Same scale needed for cross-issue comparison; large download deferred until requested,4,4,4,5,4,4,4,82.8,82.0,84.0,Presentation-ready; substantive content depends on approved corpus,Trust and publication gates in 01-goals-and-rubric.md apply before release
VIS-02-01,visualizations,Clickable monthly attention bars,inline preview with accessible detail,"share, raw count, month, low-sample flag",Per-chart normalization hides absolute magnitude without labels; small preview cannot carry full interpretation,4,4,5,5,4,5,5,89.2,90.4,88.0,Presentation-ready; substantive content depends on approved corpus,Trust and publication gates in 01-goals-and-rubric.md apply before release
VIS-02-02,visualizations,Clickable monthly attention bars,large primary analytical view,"share, raw count, month, low-sample flag",Per-chart normalization hides absolute magnitude without labels; dominates first viewport,4,4,3,5,4,5,4,82.0,79.6,83.6,Presentation-ready; substantive content depends on approved corpus,Trust and publication gates in 01-goals-and-rubric.md apply before release
VIS-02-03,visualizations,Clickable monthly attention bars,common scale across comparable rows,"share, raw count, month, low-sample flag",Per-chart normalization hides absolute magnitude without labels; small series may appear flat,4,5,4,5,5,5,5,92.8,91.6,94.0,Presentation-ready; substantive content depends on approved corpus,Trust and publication gates in 01-goals-and-rubric.md apply before release
VIS-02-04,visualizations,Clickable monthly attention bars,local scale clearly labeled,"share, raw count, month, low-sample flag",Per-chart normalization hides absolute magnitude without labels; shape only; not cross-issue magnitude,4,4,4,5,4,5,5,86.4,85.6,86.4,Presentation-ready; substantive content depends on approved corpus,Trust and publication gates in 01-goals-and-rubric.md apply before release
VIS-02-05,visualizations,Clickable monthly attention bars,baseline/current toggle,"share, raw count, month, low-sample flag",Per-chart normalization hides absolute magnitude without labels; period definitions must remain visible,4,4,4,5,5,5,4,86.8,86.0,88.0,Presentation-ready; substantive content depends on approved corpus,Trust and publication gates in 01-goals-and-rubric.md apply before release
VIS-02-06,visualizations,Clickable monthly attention bars,coverage overlay and data table,"share, raw count, month, low-sample flag",Per-chart normalization hides absolute magnitude without labels; clutter managed through disclosure,4,5,4,5,4,5,5,90.8,90.0,91.2,Presentation-ready; substantive content depends on approved corpus,Trust and publication gates in 01-goals-and-rubric.md apply before release
VIS-02-07,visualizations,Clickable monthly attention bars,direct evidence selection,"share, raw count, month, low-sample flag",Per-chart normalization hides absolute magnitude without labels; selected slice must govern all dependent sections,4,4,4,5,4,5,5,86.4,85.6,86.4,Presentation-ready; substantive content depends on approved corpus,Trust and publication gates in 01-goals-and-rubric.md apply before release
VIS-02-08,visualizations,Clickable monthly attention bars,ranked alongside textual takeaway,"share, raw count, month, low-sample flag",Per-chart normalization hides absolute magnitude without labels; takeaway must be evidence-bound,5,4,5,5,4,5,5,93.6,94.0,92.4,Presentation-ready; substantive content depends on approved corpus,Trust and publication gates in 01-goals-and-rubric.md apply before release
VIS-02-09,visualizations,Clickable monthly attention bars,mobile stacked panels,"share, raw count, month, low-sample flag",Per-chart normalization hides absolute magnitude without labels; vertical length grows,4,4,4,5,4,5,5,86.4,85.6,86.4,Presentation-ready; substantive content depends on approved corpus,Trust and publication gates in 01-goals-and-rubric.md apply before release
VIS-02-10,visualizations,Clickable monthly attention bars,full historical explorer,"share, raw count, month, low-sample flag",Per-chart normalization hides absolute magnitude without labels; large download deferred until requested,4,4,4,5,4,5,4,84.8,84.4,85.2,Presentation-ready; substantive content depends on approved corpus,Trust and publication gates in 01-goals-and-rubric.md apply before release
VIS-03-01,visualizations,Before/after slope chart,inline preview with accessible detail,"equal windows, paired values, coverage",Two points can obscure intervening variation; small preview cannot carry full interpretation,4,4,5,5,5,5,4,89.6,90.8,89.6,Presentation-ready; substantive content depends on approved corpus,Trust and publication gates in 01-goals-and-rubric.md apply before release
VIS-03-02,visualizations,Before/after slope chart,large primary analytical view,"equal windows, paired values, coverage",Two points can obscure intervening variation; dominates first viewport,4,4,3,5,5,4,3,80.4,77.6,84.0,Presentation-ready; substantive content depends on approved corpus,Trust and publication gates in 01-goals-and-rubric.md apply before release
VIS-03-03,visualizations,Before/after slope chart,common scale across comparable rows,"equal windows, paired values, coverage",Two points can obscure intervening variation; small series may appear flat,4,5,4,5,5,4,4,89.2,88.0,91.6,Presentation-ready; substantive content depends on approved corpus,Trust and publication gates in 01-goals-and-rubric.md apply before release
VIS-03-04,visualizations,Before/after slope chart,local scale clearly labeled,"equal windows, paired values, coverage",Two points can obscure intervening variation; shape only; not cross-issue magnitude,4,4,4,5,5,4,4,84.8,83.6,86.8,Presentation-ready; substantive content depends on approved corpus,Trust and publication gates in 01-goals-and-rubric.md apply before release
VIS-03-05,visualizations,Before/after slope chart,baseline/current toggle,"equal windows, paired values, coverage",Two points can obscure intervening variation; period definitions must remain visible,4,4,4,5,5,4,3,83.2,82.4,85.6,Presentation-ready; substantive content depends on approved corpus,Trust and publication gates in 01-goals-and-rubric.md apply before release
VIS-03-06,visualizations,Before/after slope chart,coverage overlay and data table,"equal windows, paired values, coverage",Two points can obscure intervening variation; clutter managed through disclosure,4,5,4,5,5,5,4,91.2,90.4,92.8,Presentation-ready; substantive content depends on approved corpus,Trust and publication gates in 01-goals-and-rubric.md apply before release
VIS-03-07,visualizations,Before/after slope chart,direct evidence selection,"equal windows, paired values, coverage",Two points can obscure intervening variation; selected slice must govern all dependent sections,4,4,4,5,5,4,5,86.4,84.8,88.0,Presentation-ready; substantive content depends on approved corpus,Trust and publication gates in 01-goals-and-rubric.md apply before release
VIS-03-08,visualizations,Before/after slope chart,ranked alongside textual takeaway,"equal windows, paired values, coverage",Two points can obscure intervening variation; takeaway must be evidence-bound,5,4,5,5,5,4,4,92.0,92.0,92.8,Presentation-ready; substantive content depends on approved corpus,Trust and publication gates in 01-goals-and-rubric.md apply before release
VIS-03-09,visualizations,Before/after slope chart,mobile stacked panels,"equal windows, paired values, coverage",Two points can obscure intervening variation; vertical length grows,4,4,4,5,5,5,4,86.8,86.0,88.0,Presentation-ready; substantive content depends on approved corpus,Trust and publication gates in 01-goals-and-rubric.md apply before release
VIS-03-10,visualizations,Before/after slope chart,full historical explorer,"equal windows, paired values, coverage",Two points can obscure intervening variation; large download deferred until requested,4,4,4,5,5,4,3,83.2,82.4,85.6,Presentation-ready; substantive content depends on approved corpus,Trust and publication gates in 01-goals-and-rubric.md apply before release
VIS-04-01,visualizations,Proposition-by-voice stance matrix,inline preview with accessible detail,adjudicated proposition-specific positions,Unknown cells cannot become neutral or absent dissent; small preview cannot carry full interpretation,4,4,4,5,5,5,3,85.2,84.8,86.8,Presentation-ready; substantive content depends on approved corpus,Trust and publication gates in 01-goals-and-rubric.md apply before release
VIS-04-02,visualizations,Proposition-by-voice stance matrix,large primary analytical view,adjudicated proposition-specific positions,Unknown cells cannot become neutral or absent dissent; dominates first viewport,4,4,2,5,5,5,2,78.0,74.0,82.4,Presentation-ready; substantive content depends on approved corpus,Trust and publication gates in 01-goals-and-rubric.md apply before release
VIS-04-03,visualizations,Proposition-by-voice stance matrix,common scale across comparable rows,adjudicated proposition-specific positions,Unknown cells cannot become neutral or absent dissent; small series may appear flat,4,5,3,5,5,5,3,86.8,84.4,90.0,Presentation-ready; substantive content depends on approved corpus,Trust and publication gates in 01-goals-and-rubric.md apply before release
VIS-04-04,visualizations,Proposition-by-voice stance matrix,local scale clearly labeled,adjudicated proposition-specific positions,Unknown cells cannot become neutral or absent dissent; shape only; not cross-issue magnitude,4,4,3,5,5,5,3,82.4,80.0,85.2,Presentation-ready; substantive content depends on approved corpus,Trust and publication gates in 01-goals-and-rubric.md apply before release
VIS-04-05,visualizations,Proposition-by-voice stance matrix,baseline/current toggle,adjudicated proposition-specific positions,Unknown cells cannot become neutral or absent dissent; period definitions must remain visible,4,4,3,5,5,5,2,80.8,78.8,84.0,Presentation-ready; substantive content depends on approved corpus,Trust and publication gates in 01-goals-and-rubric.md apply before release
VIS-04-06,visualizations,Proposition-by-voice stance matrix,coverage overlay and data table,adjudicated proposition-specific positions,Unknown cells cannot become neutral or absent dissent; clutter managed through disclosure,4,5,3,5,5,5,3,86.8,84.4,90.0,Presentation-ready; substantive content depends on approved corpus,Trust and publication gates in 01-goals-and-rubric.md apply before release
VIS-04-07,visualizations,Proposition-by-voice stance matrix,direct evidence selection,adjudicated proposition-specific positions,Unknown cells cannot become neutral or absent dissent; selected slice must govern all dependent sections,4,4,3,5,5,5,4,84.0,81.2,86.4,Presentation-ready; substantive content depends on approved corpus,Trust and publication gates in 01-goals-and-rubric.md apply before release
VIS-04-08,visualizations,Proposition-by-voice stance matrix,ranked alongside textual takeaway,adjudicated proposition-specific positions,Unknown cells cannot become neutral or absent dissent; takeaway must be evidence-bound,5,4,4,5,5,5,3,89.6,88.4,91.2,Presentation-ready; substantive content depends on approved corpus,Trust and publication gates in 01-goals-and-rubric.md apply before release
VIS-04-09,visualizations,Proposition-by-voice stance matrix,mobile stacked panels,adjudicated proposition-specific positions,Unknown cells cannot become neutral or absent dissent; vertical length grows,4,4,3,5,5,5,3,82.4,80.0,85.2,Presentation-ready; substantive content depends on approved corpus,Trust and publication gates in 01-goals-and-rubric.md apply before release
VIS-04-10,visualizations,Proposition-by-voice stance matrix,full historical explorer,adjudicated proposition-specific positions,Unknown cells cannot become neutral or absent dissent; large download deferred until requested,4,4,3,5,5,5,2,80.8,78.8,84.0,Presentation-ready; substantive content depends on approved corpus,Trust and publication gates in 01-goals-and-rubric.md apply before release
VIS-05-01,visualizations,Source-by-month coverage heatmap,inline preview with accessible detail,episode coverage by source and publication month,Color requires text/table alternative; small preview cannot carry full interpretation,3,5,5,5,4,5,4,87.6,90.0,87.2,Presentation-ready; substantive content depends on approved corpus,Trust and publication gates in 01-goals-and-rubric.md apply before release
VIS-05-02,visualizations,Source-by-month coverage heatmap,large primary analytical view,episode coverage by source and publication month,Color requires text/table alternative; dominates first viewport,3,5,3,5,4,4,3,78.4,76.8,81.6,Presentation-ready; substantive content depends on approved corpus,Trust and publication gates in 01-goals-and-rubric.md apply before release
VIS-05-03,visualizations,Source-by-month coverage heatmap,common scale across comparable rows,episode coverage by source and publication month,Color requires text/table alternative; small series may appear flat,3,5,4,5,5,4,4,84.8,84.4,87.2,Presentation-ready; substantive content depends on approved corpus,Trust and publication gates in 01-goals-and-rubric.md apply before release
VIS-05-04,visualizations,Source-by-month coverage heatmap,local scale clearly labeled,episode coverage by source and publication month,Color requires text/table alternative; shape only; not cross-issue magnitude,3,5,4,5,4,4,4,82.8,82.8,84.4,Presentation-ready; substantive content depends on approved corpus,Trust and publication gates in 01-goals-and-rubric.md apply before release
VIS-05-05,visualizations,Source-by-month coverage heatmap,baseline/current toggle,episode coverage by source and publication month,Color requires text/table alternative; period definitions must remain visible,3,5,4,5,5,4,3,83.2,83.2,86.0,Presentation-ready; substantive content depends on approved corpus,Trust and publication gates in 01-goals-and-rubric.md apply before release
VIS-05-06,visualizations,Source-by-month coverage heatmap,coverage overlay and data table,episode coverage by source and publication month,Color requires text/table alternative; clutter managed through disclosure,3,5,4,5,4,5,4,84.8,85.2,85.6,Presentation-ready; substantive content depends on approved corpus,Trust and publication gates in 01-goals-and-rubric.md apply before release
VIS-05-07,visualizations,Source-by-month coverage heatmap,direct evidence selection,episode coverage by source and publication month,Color requires text/table alternative; selected slice must govern all dependent sections,3,5,4,5,4,4,5,84.4,84.0,85.6,Presentation-ready; substantive content depends on approved corpus,Trust and publication gates in 01-goals-and-rubric.md apply before release
VIS-05-08,visualizations,Source-by-month coverage heatmap,ranked alongside textual takeaway,episode coverage by source and publication month,Color requires text/table alternative; takeaway must be evidence-bound,4,5,5,5,4,4,4,90.0,91.2,90.4,Presentation-ready; substantive content depends on approved corpus,Trust and publication gates in 01-goals-and-rubric.md apply before release
VIS-05-09,visualizations,Source-by-month coverage heatmap,mobile stacked panels,episode coverage by source and publication month,Color requires text/table alternative; vertical length grows,3,5,4,5,4,5,4,84.8,85.2,85.6,Presentation-ready; substantive content depends on approved corpus,Trust and publication gates in 01-goals-and-rubric.md apply before release
VIS-05-10,visualizations,Source-by-month coverage heatmap,full historical explorer,episode coverage by source and publication month,Color requires text/table alternative; large download deferred until requested,3,5,4,5,4,4,3,81.2,81.6,83.2,Presentation-ready; substantive content depends on approved corpus,Trust and publication gates in 01-goals-and-rubric.md apply before release
VIS-06-01,visualizations,Aligned funnel bars for each unit,inline preview with accessible detail,"shows, episodes, segments with stage applicability",Never divide segments by episodes as a conversion percentage; small preview cannot carry full interpretation,3,5,5,4,4,5,5,86.4,89.2,84.4,Presentation-ready; substantive content depends on approved corpus,Trust and publication gates in 01-goals-and-rubric.md apply before release
VIS-06-02,visualizations,Aligned funnel bars for each unit,large primary analytical view,"shows, episodes, segments with stage applicability",Never divide segments by episodes as a conversion percentage; dominates first viewport,3,5,3,5,4,4,4,80.0,78.0,82.8,Presentation-ready; substantive content depends on approved corpus,Trust and publication gates in 01-goals-and-rubric.md apply before release
VIS-06-03,visualizations,Aligned funnel bars for each unit,common scale across comparable rows,"shows, episodes, segments with stage applicability",Never divide segments by episodes as a conversion percentage; small series may appear flat,3,5,4,4,5,4,5,83.6,83.6,84.4,Presentation-ready; substantive content depends on approved corpus,Trust and publication gates in 01-goals-and-rubric.md apply before release
VIS-06-04,visualizations,Aligned funnel bars for each unit,local scale clearly labeled,"shows, episodes, segments with stage applicability",Never divide segments by episodes as a conversion percentage; shape only; not cross-issue magnitude,3,5,4,5,4,4,5,84.4,84.0,85.6,Presentation-ready; substantive content depends on approved corpus,Trust and publication gates in 01-goals-and-rubric.md apply before release
VIS-06-05,visualizations,Aligned funnel bars for each unit,baseline/current toggle,"shows, episodes, segments with stage applicability",Never divide segments by episodes as a conversion percentage; period definitions must remain visible,3,5,4,5,5,4,4,84.8,84.4,87.2,Presentation-ready; substantive content depends on approved corpus,Trust and publication gates in 01-goals-and-rubric.md apply before release
VIS-06-06,visualizations,Aligned funnel bars for each unit,coverage overlay and data table,"shows, episodes, segments with stage applicability",Never divide segments by episodes as a conversion percentage; clutter managed through disclosure,3,5,4,4,4,5,5,83.6,84.4,82.8,Presentation-ready; substantive content depends on approved corpus,Trust and publication gates in 01-goals-and-rubric.md apply before release
VIS-06-07,visualizations,Aligned funnel bars for each unit,direct evidence selection,"shows, episodes, segments with stage applicability",Never divide segments by episodes as a conversion percentage; selected slice must govern all dependent sections,3,5,4,5,4,4,5,84.4,84.0,85.6,Presentation-ready; substantive content depends on approved corpus,Trust and publication gates in 01-goals-and-rubric.md apply before release
VIS-06-08,visualizations,Aligned funnel bars for each unit,ranked alongside textual takeaway,"shows, episodes, segments with stage applicability",Never divide segments by episodes as a conversion percentage; takeaway must be evidence-bound,4,5,5,4,4,4,5,88.8,90.4,87.6,Presentation-ready; substantive content depends on approved corpus,Trust and publication gates in 01-goals-and-rubric.md apply before release
VIS-06-09,visualizations,Aligned funnel bars for each unit,mobile stacked panels,"shows, episodes, segments with stage applicability",Never divide segments by episodes as a conversion percentage; vertical length grows,3,5,4,4,4,5,5,83.6,84.4,82.8,Presentation-ready; substantive content depends on approved corpus,Trust and publication gates in 01-goals-and-rubric.md apply before release
VIS-06-10,visualizations,Aligned funnel bars for each unit,full historical explorer,"shows, episodes, segments with stage applicability",Never divide segments by episodes as a conversion percentage; large download deferred until requested,3,5,4,5,4,4,4,82.8,82.8,84.4,Presentation-ready; substantive content depends on approved corpus,Trust and publication gates in 01-goals-and-rubric.md apply before release
VIS-07-01,visualizations,Argument tree with evidence leaves,inline preview with accessible detail,typed adjudicated claim edges,Unverified edges would fabricate reasoning relationships; small preview cannot carry full interpretation,4,4,4,5,5,5,3,85.2,84.8,86.8,Requires deterministic derivation or new adjudicated semantic artifact; see data_needed,Trust and publication gates in 01-goals-and-rubric.md apply before release
VIS-07-02,visualizations,Argument tree with evidence leaves,large primary analytical view,typed adjudicated claim edges,Unverified edges would fabricate reasoning relationships; dominates first viewport,4,4,2,5,5,4,2,76.0,71.6,81.2,Requires deterministic derivation or new adjudicated semantic artifact; see data_needed,Trust and publication gates in 01-goals-and-rubric.md apply before release
VIS-07-03,visualizations,Argument tree with evidence leaves,common scale across comparable rows,typed adjudicated claim edges,Unverified edges would fabricate reasoning relationships; small series may appear flat,4,5,3,5,5,4,3,84.8,82.0,88.8,Requires deterministic derivation or new adjudicated semantic artifact; see data_needed,Trust and publication gates in 01-goals-and-rubric.md apply before release
VIS-07-04,visualizations,Argument tree with evidence leaves,local scale clearly labeled,typed adjudicated claim edges,Unverified edges would fabricate reasoning relationships; shape only; not cross-issue magnitude,4,4,3,5,5,4,3,80.4,77.6,84.0,Requires deterministic derivation or new adjudicated semantic artifact; see data_needed,Trust and publication gates in 01-goals-and-rubric.md apply before release
VIS-07-05,visualizations,Argument tree with evidence leaves,baseline/current toggle,typed adjudicated claim edges,Unverified edges would fabricate reasoning relationships; period definitions must remain visible,4,4,3,5,5,4,2,78.8,76.4,82.8,Requires deterministic derivation or new adjudicated semantic artifact; see data_needed,Trust and publication gates in 01-goals-and-rubric.md apply before release
VIS-07-06,visualizations,Argument tree with evidence leaves,coverage overlay and data table,typed adjudicated claim edges,Unverified edges would fabricate reasoning relationships; clutter managed through disclosure,4,5,3,5,5,5,3,86.8,84.4,90.0,Requires deterministic derivation or new adjudicated semantic artifact; see data_needed,Trust and publication gates in 01-goals-and-rubric.md apply before release
VIS-07-07,visualizations,Argument tree with evidence leaves,direct evidence selection,typed adjudicated claim edges,Unverified edges would fabricate reasoning relationships; selected slice must govern all dependent sections,4,4,3,5,5,4,4,82.0,78.8,85.2,Requires deterministic derivation or new adjudicated semantic artifact; see data_needed,Trust and publication gates in 01-goals-and-rubric.md apply before release
VIS-07-08,visualizations,Argument tree with evidence leaves,ranked alongside textual takeaway,typed adjudicated claim edges,Unverified edges would fabricate reasoning relationships; takeaway must be evidence-bound,5,4,4,5,5,4,3,87.6,86.0,90.0,Requires deterministic derivation or new adjudicated semantic artifact; see data_needed,Trust and publication gates in 01-goals-and-rubric.md apply before release
VIS-07-09,visualizations,Argument tree with evidence leaves,mobile stacked panels,typed adjudicated claim edges,Unverified edges would fabricate reasoning relationships; vertical length grows,4,4,3,5,5,5,3,82.4,80.0,85.2,Requires deterministic derivation or new adjudicated semantic artifact; see data_needed,Trust and publication gates in 01-goals-and-rubric.md apply before release
VIS-07-10,visualizations,Argument tree with evidence leaves,full historical explorer,typed adjudicated claim edges,Unverified edges would fabricate reasoning relationships; large download deferred until requested,4,4,3,5,5,4,2,78.8,76.4,82.8,Requires deterministic derivation or new adjudicated semantic artifact; see data_needed,Trust and publication gates in 01-goals-and-rubric.md apply before release
VIS-08-01,visualizations,Network ego view plus table,inline preview with accessible detail,"co-appearance/typed edges, scope and dates",Connectivity is not endorsement or correctness; small preview cannot carry full interpretation,3,3,4,5,4,5,3,74.4,75.2,74.8,Requires deterministic derivation or new adjudicated semantic artifact; see data_needed,Trust and publication gates in 01-goals-and-rubric.md apply before release
VIS-08-02,visualizations,Network ego view plus table,large primary analytical view,"co-appearance/typed edges, scope and dates",Connectivity is not endorsement or correctness; dominates first viewport,3,3,2,5,4,4,2,65.2,62.0,69.2,Requires deterministic derivation or new adjudicated semantic artifact; see data_needed,Trust and publication gates in 01-goals-and-rubric.md apply before release
VIS-08-03,visualizations,Network ego view plus table,common scale across comparable rows,"co-appearance/typed edges, scope and dates",Connectivity is not endorsement or correctness; small series may appear flat,3,4,3,5,5,4,3,76.0,74.0,79.6,Requires deterministic derivation or new adjudicated semantic artifact; see data_needed,Trust and publication gates in 01-goals-and-rubric.md apply before release
VIS-08-04,visualizations,Network ego view plus table,local scale clearly labeled,"co-appearance/typed edges, scope and dates",Connectivity is not endorsement or correctness; shape only; not cross-issue magnitude,3,3,3,5,4,4,3,69.6,68.0,72.0,Requires deterministic derivation or new adjudicated semantic artifact; see data_needed,Trust and publication gates in 01-goals-and-rubric.md apply before release
VIS-08-05,visualizations,Network ego view plus table,baseline/current toggle,"co-appearance/typed edges, scope and dates",Connectivity is not endorsement or correctness; period definitions must remain visible,3,3,3,5,5,4,2,70.0,68.4,73.6,Requires deterministic derivation or new adjudicated semantic artifact; see data_needed,Trust and publication gates in 01-goals-and-rubric.md apply before release
VIS-08-06,visualizations,Network ego view plus table,coverage overlay and data table,"co-appearance/typed edges, scope and dates",Connectivity is not endorsement or correctness; clutter managed through disclosure,3,4,3,5,4,5,3,76.0,74.8,78.0,Requires deterministic derivation or new adjudicated semantic artifact; see data_needed,Trust and publication gates in 01-goals-and-rubric.md apply before release
VIS-08-07,visualizations,Network ego view plus table,direct evidence selection,"co-appearance/typed edges, scope and dates",Connectivity is not endorsement or correctness; selected slice must govern all dependent sections,3,3,3,5,4,4,4,71.2,69.2,73.2,Requires deterministic derivation or new adjudicated semantic artifact; see data_needed,Trust and publication gates in 01-goals-and-rubric.md apply before release
VIS-08-08,visualizations,Network ego view plus table,ranked alongside textual takeaway,"co-appearance/typed edges, scope and dates",Connectivity is not endorsement or correctness; takeaway must be evidence-bound,4,3,4,5,4,4,3,76.8,76.4,78.0,Requires deterministic derivation or new adjudicated semantic artifact; see data_needed,Trust and publication gates in 01-goals-and-rubric.md apply before release
VIS-08-09,visualizations,Network ego view plus table,mobile stacked panels,"co-appearance/typed edges, scope and dates",Connectivity is not endorsement or correctness; vertical length grows,3,3,3,5,4,5,3,71.6,70.4,73.2,Requires deterministic derivation or new adjudicated semantic artifact; see data_needed,Trust and publication gates in 01-goals-and-rubric.md apply before release
VIS-08-10,visualizations,Network ego view plus table,full historical explorer,"co-appearance/typed edges, scope and dates",Connectivity is not endorsement or correctness; large download deferred until requested,3,3,3,5,4,4,2,68.0,66.8,70.8,Requires deterministic derivation or new adjudicated semantic artifact; see data_needed,Trust and publication gates in 01-goals-and-rubric.md apply before release
VIS-09-01,visualizations,Confidence interval dot plot,inline preview with accessible detail,"defined estimator, independent sample, intervals",Cannot fabricate calibrated probability from model confidence; small preview cannot carry full interpretation,4,5,5,5,4,5,3,90.4,92.4,90.4,Presentation-ready; substantive content depends on approved corpus,Trust and publication gates in 01-goals-and-rubric.md apply before release
VIS-09-02,visualizations,Confidence interval dot plot,large primary analytical view,"defined estimator, independent sample, intervals",Cannot fabricate calibrated probability from model confidence; dominates first viewport,4,5,3,5,4,4,2,81.2,79.2,84.8,Presentation-ready; substantive content depends on approved corpus,Trust and publication gates in 01-goals-and-rubric.md apply before release
VIS-09-03,visualizations,Confidence interval dot plot,common scale across comparable rows,"defined estimator, independent sample, intervals",Cannot fabricate calibrated probability from model confidence; small series may appear flat,4,5,4,5,5,4,3,87.6,86.8,90.4,Presentation-ready; substantive content depends on approved corpus,Trust and publication gates in 01-goals-and-rubric.md apply before release
VIS-09-04,visualizations,Confidence interval dot plot,local scale clearly labeled,"defined estimator, independent sample, intervals",Cannot fabricate calibrated probability from model confidence; shape only; not cross-issue magnitude,4,5,4,5,4,4,3,85.6,85.2,87.6,Presentation-ready; substantive content depends on approved corpus,Trust and publication gates in 01-goals-and-rubric.md apply before release
VIS-09-05,visualizations,Confidence interval dot plot,baseline/current toggle,"defined estimator, independent sample, intervals",Cannot fabricate calibrated probability from model confidence; period definitions must remain visible,4,5,4,5,5,4,2,86.0,85.6,89.2,Presentation-ready; substantive content depends on approved corpus,Trust and publication gates in 01-goals-and-rubric.md apply before release
VIS-09-06,visualizations,Confidence interval dot plot,coverage overlay and data table,"defined estimator, independent sample, intervals",Cannot fabricate calibrated probability from model confidence; clutter managed through disclosure,4,5,4,5,4,5,3,87.6,87.6,88.8,Presentation-ready; substantive content depends on approved corpus,Trust and publication gates in 01-goals-and-rubric.md apply before release
VIS-09-07,visualizations,Confidence interval dot plot,direct evidence selection,"defined estimator, independent sample, intervals",Cannot fabricate calibrated probability from model confidence; selected slice must govern all dependent sections,4,5,4,5,4,4,4,87.2,86.4,88.8,Presentation-ready; substantive content depends on approved corpus,Trust and publication gates in 01-goals-and-rubric.md apply before release
VIS-09-08,visualizations,Confidence interval dot plot,ranked alongside textual takeaway,"defined estimator, independent sample, intervals",Cannot fabricate calibrated probability from model confidence; takeaway must be evidence-bound,5,5,5,5,4,4,3,92.8,93.6,93.6,Presentation-ready; substantive content depends on approved corpus,Trust and publication gates in 01-goals-and-rubric.md apply before release
VIS-09-09,visualizations,Confidence interval dot plot,mobile stacked panels,"defined estimator, independent sample, intervals",Cannot fabricate calibrated probability from model confidence; vertical length grows,4,5,4,5,4,5,3,87.6,87.6,88.8,Presentation-ready; substantive content depends on approved corpus,Trust and publication gates in 01-goals-and-rubric.md apply before release
VIS-09-10,visualizations,Confidence interval dot plot,full historical explorer,"defined estimator, independent sample, intervals",Cannot fabricate calibrated probability from model confidence; large download deferred until requested,4,5,4,5,4,4,2,84.0,84.0,86.4,Presentation-ready; substantive content depends on approved corpus,Trust and publication gates in 01-goals-and-rubric.md apply before release
VIS-10-01,visualizations,Ranked change table with inline preview,inline preview with accessible detail,"equal-window change, coverage, citations",Requires honest sort name and clear tie behavior; small preview cannot carry full interpretation,4,4,5,5,4,5,5,89.2,90.4,88.0,Requires deterministic derivation or new adjudicated semantic artifact; see data_needed,Trust and publication gates in 01-goals-and-rubric.md apply before release
VIS-10-02,visualizations,Ranked change table with inline preview,large primary analytical view,"equal-window change, coverage, citations",Requires honest sort name and clear tie behavior; dominates first viewport,4,4,3,5,4,5,4,82.0,79.6,83.6,Requires deterministic derivation or new adjudicated semantic artifact; see data_needed,Trust and publication gates in 01-goals-and-rubric.md apply before release
VIS-10-03,visualizations,Ranked change table with inline preview,common scale across comparable rows,"equal-window change, coverage, citations",Requires honest sort name and clear tie behavior; small series may appear flat,4,5,4,5,5,5,5,92.8,91.6,94.0,Requires deterministic derivation or new adjudicated semantic artifact; see data_needed,Trust and publication gates in 01-goals-and-rubric.md apply before release
VIS-10-04,visualizations,Ranked change table with inline preview,local scale clearly labeled,"equal-window change, coverage, citations",Requires honest sort name and clear tie behavior; shape only; not cross-issue magnitude,4,4,4,5,4,5,5,86.4,85.6,86.4,Requires deterministic derivation or new adjudicated semantic artifact; see data_needed,Trust and publication gates in 01-goals-and-rubric.md apply before release
VIS-10-05,visualizations,Ranked change table with inline preview,baseline/current toggle,"equal-window change, coverage, citations",Requires honest sort name and clear tie behavior; period definitions must remain visible,4,4,4,5,5,5,4,86.8,86.0,88.0,Requires deterministic derivation or new adjudicated semantic artifact; see data_needed,Trust and publication gates in 01-goals-and-rubric.md apply before release
VIS-10-06,visualizations,Ranked change table with inline preview,coverage overlay and data table,"equal-window change, coverage, citations",Requires honest sort name and clear tie behavior; clutter managed through disclosure,4,5,4,5,4,5,5,90.8,90.0,91.2,Requires deterministic derivation or new adjudicated semantic artifact; see data_needed,Trust and publication gates in 01-goals-and-rubric.md apply before release
VIS-10-07,visualizations,Ranked change table with inline preview,direct evidence selection,"equal-window change, coverage, citations",Requires honest sort name and clear tie behavior; selected slice must govern all dependent sections,4,4,4,5,4,5,5,86.4,85.6,86.4,Requires deterministic derivation or new adjudicated semantic artifact; see data_needed,Trust and publication gates in 01-goals-and-rubric.md apply before release
VIS-10-08,visualizations,Ranked change table with inline preview,ranked alongside textual takeaway,"equal-window change, coverage, citations",Requires honest sort name and clear tie behavior; takeaway must be evidence-bound,5,4,5,5,4,5,5,93.6,94.0,92.4,Requires deterministic derivation or new adjudicated semantic artifact; see data_needed,Trust and publication gates in 01-goals-and-rubric.md apply before release
VIS-10-09,visualizations,Ranked change table with inline preview,mobile stacked panels,"equal-window change, coverage, citations",Requires honest sort name and clear tie behavior; vertical length grows,4,4,4,5,4,5,5,86.4,85.6,86.4,Requires deterministic derivation or new adjudicated semantic artifact; see data_needed,Trust and publication gates in 01-goals-and-rubric.md apply before release
VIS-10-10,visualizations,Ranked change table with inline preview,full historical explorer,"equal-window change, coverage, citations",Requires honest sort name and clear tie behavior; large download deferred until requested,4,4,4,5,4,5,4,84.8,84.4,85.2,Requires deterministic derivation or new adjudicated semantic artifact; see data_needed,Trust and publication gates in 01-goals-and-rubric.md apply before release
SUM-01-01,summaries,"Change, significance, caveat",one-sentence scan plus citation,"cited delta, approved interpretation, limitation",Meaningful significance requires semantic approval; depth in linked evidence,5,5,5,5,4,5,5,98.0,98.4,97.2,Requires deterministic derivation or new adjudicated semantic artifact; see data_needed,Trust and publication gates in 01-goals-and-rubric.md apply before release
SUM-01-02,summaries,"Change, significance, caveat",three-sentence brief,"cited delta, approved interpretation, limitation",Meaningful significance requires semantic approval; strictly no filler to reach length,5,5,5,5,4,4,5,96.0,96.0,96.0,Requires deterministic derivation or new adjudicated semantic artifact; see data_needed,Trust and publication gates in 01-goals-and-rubric.md apply before release
SUM-01-03,summaries,"Change, significance, caveat",question-and-answer format,"cited delta, approved interpretation, limitation",Meaningful significance requires semantic approval; question must actually be answered,5,5,5,5,4,4,5,96.0,96.0,96.0,Requires deterministic derivation or new adjudicated semantic artifact; see data_needed,Trust and publication gates in 01-goals-and-rubric.md apply before release
SUM-01-04,summaries,"Change, significance, caveat",parallel positions,"cited delta, approved interpretation, limitation",Meaningful significance requires semantic approval; avoid false symmetry,5,5,5,5,5,4,5,98.0,97.6,98.8,Requires deterministic derivation or new adjudicated semantic artifact; see data_needed,Trust and publication gates in 01-goals-and-rubric.md apply before release
SUM-01-05,summaries,"Change, significance, caveat",explicit limitation inline,"cited delta, approved interpretation, limitation",Meaningful significance requires semantic approval; slight scan cost accepted,5,5,5,5,4,4,5,96.0,96.0,96.0,Requires deterministic derivation or new adjudicated semantic artifact; see data_needed,Trust and publication gates in 01-goals-and-rubric.md apply before release
SUM-01-06,summaries,"Change, significance, caveat",expandable concise/deep version,"cited delta, approved interpretation, limitation",Meaningful significance requires semantic approval; both versions from same evidence snapshot,5,5,5,5,4,4,4,94.4,94.8,94.8,Requires deterministic derivation or new adjudicated semantic artifact; see data_needed,Trust and publication gates in 01-goals-and-rubric.md apply before release
SUM-01-07,summaries,"Change, significance, caveat",chronological update log,"cited delta, approved interpretation, limitation",Meaningful significance requires semantic approval; new/changed/backfilled distinguishable,5,5,5,5,4,4,5,96.0,96.0,96.0,Requires deterministic derivation or new adjudicated semantic artifact; see data_needed,Trust and publication gates in 01-goals-and-rubric.md apply before release
SUM-01-08,summaries,"Change, significance, caveat",source-diverse representative quotes,"cited delta, approved interpretation, limitation",Meaningful significance requires semantic approval; quote selection method disclosed,5,5,5,5,5,4,5,98.0,97.6,98.8,Requires deterministic derivation or new adjudicated semantic artifact; see data_needed,Trust and publication gates in 01-goals-and-rubric.md apply before release
SUM-01-09,summaries,"Change, significance, caveat",evidence-only fallback,"cited delta, approved interpretation, limitation",Meaningful significance requires semantic approval; honest interim behavior without fabricated synthesis,5,5,4,5,4,4,5,93.2,91.2,94.4,Requires deterministic derivation or new adjudicated semantic artifact; see data_needed,Trust and publication gates in 01-goals-and-rubric.md apply before release
SUM-01-10,summaries,"Change, significance, caveat",current styling and compact hierarchy,"cited delta, approved interpretation, limitation",Meaningful significance requires semantic approval; meaning changes without brand replacement,5,5,5,5,4,4,5,96.0,96.0,96.0,Requires deterministic derivation or new adjudicated semantic artifact; see data_needed,Trust and publication gates in 01-goals-and-rubric.md apply before release
SUM-02-01,summaries,"Claim, quote, source",one-sentence scan plus citation,"claim, bounded excerpt, attribution, original URL",One source cannot establish consensus; depth in linked evidence,5,4,5,5,4,5,5,93.6,94.0,92.4,Requires deterministic derivation or new adjudicated semantic artifact; see data_needed,Trust and publication gates in 01-goals-and-rubric.md apply before release
SUM-02-02,summaries,"Claim, quote, source",three-sentence brief,"claim, bounded excerpt, attribution, original URL",One source cannot establish consensus; strictly no filler to reach length,5,4,5,5,4,5,5,93.6,94.0,92.4,Requires deterministic derivation or new adjudicated semantic artifact; see data_needed,Trust and publication gates in 01-goals-and-rubric.md apply before release
SUM-02-03,summaries,"Claim, quote, source",question-and-answer format,"claim, bounded excerpt, attribution, original URL",One source cannot establish consensus; question must actually be answered,5,4,5,5,4,5,5,93.6,94.0,92.4,Requires deterministic derivation or new adjudicated semantic artifact; see data_needed,Trust and publication gates in 01-goals-and-rubric.md apply before release
SUM-02-04,summaries,"Claim, quote, source",parallel positions,"claim, bounded excerpt, attribution, original URL",One source cannot establish consensus; avoid false symmetry,5,4,5,5,5,5,5,95.6,95.6,95.2,Requires deterministic derivation or new adjudicated semantic artifact; see data_needed,Trust and publication gates in 01-goals-and-rubric.md apply before release
SUM-02-05,summaries,"Claim, quote, source",explicit limitation inline,"claim, bounded excerpt, attribution, original URL",One source cannot establish consensus; slight scan cost accepted,5,5,5,5,4,5,5,98.0,98.4,97.2,Requires deterministic derivation or new adjudicated semantic artifact; see data_needed,Trust and publication gates in 01-goals-and-rubric.md apply before release
SUM-02-06,summaries,"Claim, quote, source",expandable concise/deep version,"claim, bounded excerpt, attribution, original URL",One source cannot establish consensus; both versions from same evidence snapshot,5,4,5,5,4,5,4,92.0,92.8,91.2,Requires deterministic derivation or new adjudicated semantic artifact; see data_needed,Trust and publication gates in 01-goals-and-rubric.md apply before release
SUM-02-07,summaries,"Claim, quote, source",chronological update log,"claim, bounded excerpt, attribution, original URL",One source cannot establish consensus; new/changed/backfilled distinguishable,5,4,5,5,4,5,5,93.6,94.0,92.4,Requires deterministic derivation or new adjudicated semantic artifact; see data_needed,Trust and publication gates in 01-goals-and-rubric.md apply before release
SUM-02-08,summaries,"Claim, quote, source",source-diverse representative quotes,"claim, bounded excerpt, attribution, original URL",One source cannot establish consensus; quote selection method disclosed,5,5,5,5,5,5,5,100.0,100.0,100.0,Requires deterministic derivation or new adjudicated semantic artifact; see data_needed,Trust and publication gates in 01-goals-and-rubric.md apply before release
SUM-02-09,summaries,"Claim, quote, source",evidence-only fallback,"claim, bounded excerpt, attribution, original URL",One source cannot establish consensus; honest interim behavior without fabricated synthesis,5,5,4,5,4,5,5,95.2,93.6,95.6,Requires deterministic derivation or new adjudicated semantic artifact; see data_needed,Trust and publication gates in 01-goals-and-rubric.md apply before release
SUM-02-10,summaries,"Claim, quote, source",current styling and compact hierarchy,"claim, bounded excerpt, attribution, original URL",One source cannot establish consensus; meaning changes without brand replacement,5,4,5,5,4,5,5,93.6,94.0,92.4,Requires deterministic derivation or new adjudicated semantic artifact; see data_needed,Trust and publication gates in 01-goals-and-rubric.md apply before release
SUM-03-01,summaries,Strongest case and strongest challenge,one-sentence scan plus citation,adjudicated same-proposition support/opposition,No manufactured opposition to fill symmetrical slots; depth in linked evidence,5,4,5,5,5,5,4,94.0,94.4,94.0,Requires deterministic derivation or new adjudicated semantic artifact; see data_needed,Trust and publication gates in 01-goals-and-rubric.md apply before release
SUM-03-02,summaries,Strongest case and strongest challenge,three-sentence brief,adjudicated same-proposition support/opposition,No manufactured opposition to fill symmetrical slots; strictly no filler to reach length,5,4,4,5,5,4,4,89.2,87.2,91.2,Requires deterministic derivation or new adjudicated semantic artifact; see data_needed,Trust and publication gates in 01-goals-and-rubric.md apply before release
SUM-03-03,summaries,Strongest case and strongest challenge,question-and-answer format,adjudicated same-proposition support/opposition,No manufactured opposition to fill symmetrical slots; question must actually be answered,5,4,4,5,5,4,4,89.2,87.2,91.2,Requires deterministic derivation or new adjudicated semantic artifact; see data_needed,Trust and publication gates in 01-goals-and-rubric.md apply before release
SUM-03-04,summaries,Strongest case and strongest challenge,parallel positions,adjudicated same-proposition support/opposition,No manufactured opposition to fill symmetrical slots; avoid false symmetry,5,4,4,5,5,4,4,89.2,87.2,91.2,Requires deterministic derivation or new adjudicated semantic artifact; see data_needed,Trust and publication gates in 01-goals-and-rubric.md apply before release
SUM-03-05,summaries,Strongest case and strongest challenge,explicit limitation inline,adjudicated same-proposition support/opposition,No manufactured opposition to fill symmetrical slots; slight scan cost accepted,5,5,4,5,5,4,4,93.6,91.6,96.0,Requires deterministic derivation or new adjudicated semantic artifact; see data_needed,Trust and publication gates in 01-goals-and-rubric.md apply before release
SUM-03-06,summaries,Strongest case and strongest challenge,expandable concise/deep version,adjudicated same-proposition support/opposition,No manufactured opposition to fill symmetrical slots; both versions from same evidence snapshot,5,4,5,5,5,4,3,90.4,90.8,91.6,Requires deterministic derivation or new adjudicated semantic artifact; see data_needed,Trust and publication gates in 01-goals-and-rubric.md apply before release
SUM-03-07,summaries,Strongest case and strongest challenge,chronological update log,adjudicated same-proposition support/opposition,No manufactured opposition to fill symmetrical slots; new/changed/backfilled distinguishable,5,4,4,5,5,4,4,89.2,87.2,91.2,Requires deterministic derivation or new adjudicated semantic artifact; see data_needed,Trust and publication gates in 01-goals-and-rubric.md apply before release
SUM-03-08,summaries,Strongest case and strongest challenge,source-diverse representative quotes,adjudicated same-proposition support/opposition,No manufactured opposition to fill symmetrical slots; quote selection method disclosed,5,5,4,5,5,4,4,93.6,91.6,96.0,Requires deterministic derivation or new adjudicated semantic artifact; see data_needed,Trust and publication gates in 01-goals-and-rubric.md apply before release
SUM-03-09,summaries,Strongest case and strongest challenge,evidence-only fallback,adjudicated same-proposition support/opposition,No manufactured opposition to fill symmetrical slots; honest interim behavior without fabricated synthesis,5,5,3,5,5,4,5,92.4,88.0,95.6,Requires deterministic derivation or new adjudicated semantic artifact; see data_needed,Trust and publication gates in 01-goals-and-rubric.md apply before release
SUM-03-10,summaries,Strongest case and strongest challenge,current styling and compact hierarchy,adjudicated same-proposition support/opposition,No manufactured opposition to fill symmetrical slots; meaning changes without brand replacement,5,4,5,5,5,4,5,93.6,93.2,94.0,Requires deterministic derivation or new adjudicated semantic artifact; see data_needed,Trust and publication gates in 01-goals-and-rubric.md apply before release
SUM-04-01,summaries,"What is known, disputed, unknown",one-sentence scan plus citation,"claim groups, disagreement, coverage gaps",Missing corpus evidence is not global unknowability; depth in linked evidence,5,5,5,5,5,5,4,98.4,98.8,98.8,Requires deterministic derivation or new adjudicated semantic artifact; see data_needed,Trust and publication gates in 01-goals-and-rubric.md apply before release
SUM-04-02,summaries,"What is known, disputed, unknown",three-sentence brief,"claim groups, disagreement, coverage gaps",Missing corpus evidence is not global unknowability; strictly no filler to reach length,5,5,4,5,5,4,4,93.6,91.6,96.0,Requires deterministic derivation or new adjudicated semantic artifact; see data_needed,Trust and publication gates in 01-goals-and-rubric.md apply before release
SUM-04-03,summaries,"What is known, disputed, unknown",question-and-answer format,"claim groups, disagreement, coverage gaps",Missing corpus evidence is not global unknowability; question must actually be answered,5,5,4,5,5,4,4,93.6,91.6,96.0,Requires deterministic derivation or new adjudicated semantic artifact; see data_needed,Trust and publication gates in 01-goals-and-rubric.md apply before release
SUM-04-04,summaries,"What is known, disputed, unknown",parallel positions,"claim groups, disagreement, coverage gaps",Missing corpus evidence is not global unknowability; avoid false symmetry,5,5,4,5,5,4,4,93.6,91.6,96.0,Requires deterministic derivation or new adjudicated semantic artifact; see data_needed,Trust and publication gates in 01-goals-and-rubric.md apply before release
SUM-04-05,summaries,"What is known, disputed, unknown",explicit limitation inline,"claim groups, disagreement, coverage gaps",Missing corpus evidence is not global unknowability; slight scan cost accepted,5,5,4,5,5,4,4,93.6,91.6,96.0,Requires deterministic derivation or new adjudicated semantic artifact; see data_needed,Trust and publication gates in 01-goals-and-rubric.md apply before release
SUM-04-06,summaries,"What is known, disputed, unknown",expandable concise/deep version,"claim groups, disagreement, coverage gaps",Missing corpus evidence is not global unknowability; both versions from same evidence snapshot,5,5,5,5,5,4,3,94.8,95.2,96.4,Requires deterministic derivation or new adjudicated semantic artifact; see data_needed,Trust and publication gates in 01-goals-and-rubric.md apply before release
SUM-04-07,summaries,"What is known, disputed, unknown",chronological update log,"claim groups, disagreement, coverage gaps",Missing corpus evidence is not global unknowability; new/changed/backfilled distinguishable,5,5,4,5,5,4,4,93.6,91.6,96.0,Requires deterministic derivation or new adjudicated semantic artifact; see data_needed,Trust and publication gates in 01-goals-and-rubric.md apply before release
SUM-04-08,summaries,"What is known, disputed, unknown",source-diverse representative quotes,"claim groups, disagreement, coverage gaps",Missing corpus evidence is not global unknowability; quote selection method disclosed,5,5,4,5,5,4,4,93.6,91.6,96.0,Requires deterministic derivation or new adjudicated semantic artifact; see data_needed,Trust and publication gates in 01-goals-and-rubric.md apply before release
SUM-04-09,summaries,"What is known, disputed, unknown",evidence-only fallback,"claim groups, disagreement, coverage gaps",Missing corpus evidence is not global unknowability; honest interim behavior without fabricated synthesis,5,5,3,5,5,4,5,92.4,88.0,95.6,Requires deterministic derivation or new adjudicated semantic artifact; see data_needed,Trust and publication gates in 01-goals-and-rubric.md apply before release
SUM-04-10,summaries,"What is known, disputed, unknown",current styling and compact hierarchy,"claim groups, disagreement, coverage gaps",Missing corpus evidence is not global unknowability; meaning changes without brand replacement,5,5,5,5,5,4,5,98.0,97.6,98.8,Requires deterministic derivation or new adjudicated semantic artifact; see data_needed,Trust and publication gates in 01-goals-and-rubric.md apply before release
SUM-05-01,summaries,Since the previous comparable period,one-sentence scan plus citation,stable cohort or coverage-adjusted temporal diff,Processing/backfill must not masquerade as new discourse; depth in linked evidence,5,4,5,5,4,5,4,92.0,92.8,91.2,Requires deterministic derivation or new adjudicated semantic artifact; see data_needed,Trust and publication gates in 01-goals-and-rubric.md apply before release
SUM-05-02,summaries,Since the previous comparable period,three-sentence brief,stable cohort or coverage-adjusted temporal diff,Processing/backfill must not masquerade as new discourse; strictly no filler to reach length,5,4,4,5,4,4,4,87.2,85.6,88.4,Requires deterministic derivation or new adjudicated semantic artifact; see data_needed,Trust and publication gates in 01-goals-and-rubric.md apply before release
SUM-05-03,summaries,Since the previous comparable period,question-and-answer format,stable cohort or coverage-adjusted temporal diff,Processing/backfill must not masquerade as new discourse; question must actually be answered,5,4,4,5,4,4,4,87.2,85.6,88.4,Requires deterministic derivation or new adjudicated semantic artifact; see data_needed,Trust and publication gates in 01-goals-and-rubric.md apply before release
SUM-05-04,summaries,Since the previous comparable period,parallel positions,stable cohort or coverage-adjusted temporal diff,Processing/backfill must not masquerade as new discourse; avoid false symmetry,5,4,4,5,5,4,4,89.2,87.2,91.2,Requires deterministic derivation or new adjudicated semantic artifact; see data_needed,Trust and publication gates in 01-goals-and-rubric.md apply before release
SUM-05-05,summaries,Since the previous comparable period,explicit limitation inline,stable cohort or coverage-adjusted temporal diff,Processing/backfill must not masquerade as new discourse; slight scan cost accepted,5,5,4,5,4,4,4,91.6,90.0,93.2,Requires deterministic derivation or new adjudicated semantic artifact; see data_needed,Trust and publication gates in 01-goals-and-rubric.md apply before release
SUM-05-06,summaries,Since the previous comparable period,expandable concise/deep version,stable cohort or coverage-adjusted temporal diff,Processing/backfill must not masquerade as new discourse; both versions from same evidence snapshot,5,4,5,5,4,4,3,88.4,89.2,88.8,Requires deterministic derivation or new adjudicated semantic artifact; see data_needed,Trust and publication gates in 01-goals-and-rubric.md apply before release
SUM-05-07,summaries,Since the previous comparable period,chronological update log,stable cohort or coverage-adjusted temporal diff,Processing/backfill must not masquerade as new discourse; new/changed/backfilled distinguishable,5,4,4,5,4,4,4,87.2,85.6,88.4,Requires deterministic derivation or new adjudicated semantic artifact; see data_needed,Trust and publication gates in 01-goals-and-rubric.md apply before release
SUM-05-08,summaries,Since the previous comparable period,source-diverse representative quotes,stable cohort or coverage-adjusted temporal diff,Processing/backfill must not masquerade as new discourse; quote selection method disclosed,5,5,4,5,5,4,4,93.6,91.6,96.0,Requires deterministic derivation or new adjudicated semantic artifact; see data_needed,Trust and publication gates in 01-goals-and-rubric.md apply before release
SUM-05-09,summaries,Since the previous comparable period,evidence-only fallback,stable cohort or coverage-adjusted temporal diff,Processing/backfill must not masquerade as new discourse; honest interim behavior without fabricated synthesis,5,5,3,5,4,4,5,90.4,86.4,92.8,Requires deterministic derivation or new adjudicated semantic artifact; see data_needed,Trust and publication gates in 01-goals-and-rubric.md apply before release
SUM-05-10,summaries,Since the previous comparable period,current styling and compact hierarchy,stable cohort or coverage-adjusted temporal diff,Processing/backfill must not masquerade as new discourse; meaning changes without brand replacement,5,4,5,5,4,4,5,91.6,91.6,91.2,Requires deterministic derivation or new adjudicated semantic artifact; see data_needed,Trust and publication gates in 01-goals-and-rubric.md apply before release
SUM-06-01,summaries,Expert position in three consequential claims,one-sentence scan plus citation,"speaker-approved claims, issue scope, dates","Number three is a display limit, not a requirement to invent claims; depth in linked evidence",4,4,5,5,5,5,4,89.6,90.8,89.6,Requires deterministic derivation or new adjudicated semantic artifact; see data_needed,Trust and publication gates in 01-goals-and-rubric.md apply before release
SUM-06-02,summaries,Expert position in three consequential claims,three-sentence brief,"speaker-approved claims, issue scope, dates","Number three is a display limit, not a requirement to invent claims; strictly no filler to reach length",5,4,4,5,5,4,4,89.2,87.2,91.2,Requires deterministic derivation or new adjudicated semantic artifact; see data_needed,Trust and publication gates in 01-goals-and-rubric.md apply before release
SUM-06-03,summaries,Expert position in three consequential claims,question-and-answer format,"speaker-approved claims, issue scope, dates","Number three is a display limit, not a requirement to invent claims; question must actually be answered",4,4,4,5,5,4,4,84.8,83.6,86.8,Requires deterministic derivation or new adjudicated semantic artifact; see data_needed,Trust and publication gates in 01-goals-and-rubric.md apply before release
SUM-06-04,summaries,Expert position in three consequential claims,parallel positions,"speaker-approved claims, issue scope, dates","Number three is a display limit, not a requirement to invent claims; avoid false symmetry",4,4,4,5,5,4,4,84.8,83.6,86.8,Requires deterministic derivation or new adjudicated semantic artifact; see data_needed,Trust and publication gates in 01-goals-and-rubric.md apply before release
SUM-06-05,summaries,Expert position in three consequential claims,explicit limitation inline,"speaker-approved claims, issue scope, dates","Number three is a display limit, not a requirement to invent claims; slight scan cost accepted",4,5,4,5,5,4,4,89.2,88.0,91.6,Requires deterministic derivation or new adjudicated semantic artifact; see data_needed,Trust and publication gates in 01-goals-and-rubric.md apply before release
SUM-06-06,summaries,Expert position in three consequential claims,expandable concise/deep version,"speaker-approved claims, issue scope, dates","Number three is a display limit, not a requirement to invent claims; both versions from same evidence snapshot",4,4,5,5,5,4,3,86.0,87.2,87.2,Requires deterministic derivation or new adjudicated semantic artifact; see data_needed,Trust and publication gates in 01-goals-and-rubric.md apply before release
SUM-06-07,summaries,Expert position in three consequential claims,chronological update log,"speaker-approved claims, issue scope, dates","Number three is a display limit, not a requirement to invent claims; new/changed/backfilled distinguishable",4,4,4,5,5,4,4,84.8,83.6,86.8,Requires deterministic derivation or new adjudicated semantic artifact; see data_needed,Trust and publication gates in 01-goals-and-rubric.md apply before release
SUM-06-08,summaries,Expert position in three consequential claims,source-diverse representative quotes,"speaker-approved claims, issue scope, dates","Number three is a display limit, not a requirement to invent claims; quote selection method disclosed",4,5,4,5,5,4,4,89.2,88.0,91.6,Requires deterministic derivation or new adjudicated semantic artifact; see data_needed,Trust and publication gates in 01-goals-and-rubric.md apply before release
SUM-06-09,summaries,Expert position in three consequential claims,evidence-only fallback,"speaker-approved claims, issue scope, dates","Number three is a display limit, not a requirement to invent claims; honest interim behavior without fabricated synthesis",4,5,3,5,5,4,5,88.0,84.4,91.2,Requires deterministic derivation or new adjudicated semantic artifact; see data_needed,Trust and publication gates in 01-goals-and-rubric.md apply before release
SUM-06-10,summaries,Expert position in three consequential claims,current styling and compact hierarchy,"speaker-approved claims, issue scope, dates","Number three is a display limit, not a requirement to invent claims; meaning changes without brand replacement",4,4,5,5,5,4,5,89.2,89.6,89.6,Requires deterministic derivation or new adjudicated semantic artifact; see data_needed,Trust and publication gates in 01-goals-and-rubric.md apply before release
SUM-07-01,summaries,Implication and observable watchpoint,one-sentence scan plus citation,"approved implication, measurable condition, evidence IDs",Avoid generic watch for more discussion filler; depth in linked evidence,5,5,5,5,4,5,3,94.8,96.0,94.8,Requires deterministic derivation or new adjudicated semantic artifact; see data_needed,Trust and publication gates in 01-goals-and-rubric.md apply before release
SUM-07-02,summaries,Implication and observable watchpoint,three-sentence brief,"approved implication, measurable condition, evidence IDs",Avoid generic watch for more discussion filler; strictly no filler to reach length,5,5,4,5,4,4,3,90.0,88.8,92.0,Requires deterministic derivation or new adjudicated semantic artifact; see data_needed,Trust and publication gates in 01-goals-and-rubric.md apply before release
SUM-07-03,summaries,Implication and observable watchpoint,question-and-answer format,"approved implication, measurable condition, evidence IDs",Avoid generic watch for more discussion filler; question must actually be answered,5,5,4,5,4,4,3,90.0,88.8,92.0,Requires deterministic derivation or new adjudicated semantic artifact; see data_needed,Trust and publication gates in 01-goals-and-rubric.md apply before release
SUM-07-04,summaries,Implication and observable watchpoint,parallel positions,"approved implication, measurable condition, evidence IDs",Avoid generic watch for more discussion filler; avoid false symmetry,5,5,4,5,5,4,3,92.0,90.4,94.8,Requires deterministic derivation or new adjudicated semantic artifact; see data_needed,Trust and publication gates in 01-goals-and-rubric.md apply before release
SUM-07-05,summaries,Implication and observable watchpoint,explicit limitation inline,"approved implication, measurable condition, evidence IDs",Avoid generic watch for more discussion filler; slight scan cost accepted,5,5,4,5,4,4,3,90.0,88.8,92.0,Requires deterministic derivation or new adjudicated semantic artifact; see data_needed,Trust and publication gates in 01-goals-and-rubric.md apply before release
SUM-07-06,summaries,Implication and observable watchpoint,expandable concise/deep version,"approved implication, measurable condition, evidence IDs",Avoid generic watch for more discussion filler; both versions from same evidence snapshot,5,5,5,5,4,4,2,91.2,92.4,92.4,Requires deterministic derivation or new adjudicated semantic artifact; see data_needed,Trust and publication gates in 01-goals-and-rubric.md apply before release
SUM-07-07,summaries,Implication and observable watchpoint,chronological update log,"approved implication, measurable condition, evidence IDs",Avoid generic watch for more discussion filler; new/changed/backfilled distinguishable,5,5,4,5,4,4,3,90.0,88.8,92.0,Requires deterministic derivation or new adjudicated semantic artifact; see data_needed,Trust and publication gates in 01-goals-and-rubric.md apply before release
SUM-07-08,summaries,Implication and observable watchpoint,source-diverse representative quotes,"approved implication, measurable condition, evidence IDs",Avoid generic watch for more discussion filler; quote selection method disclosed,5,5,4,5,5,4,3,92.0,90.4,94.8,Requires deterministic derivation or new adjudicated semantic artifact; see data_needed,Trust and publication gates in 01-goals-and-rubric.md apply before release
SUM-07-09,summaries,Implication and observable watchpoint,evidence-only fallback,"approved implication, measurable condition, evidence IDs",Avoid generic watch for more discussion filler; honest interim behavior without fabricated synthesis,5,5,3,5,4,4,4,88.8,85.2,91.6,Requires deterministic derivation or new adjudicated semantic artifact; see data_needed,Trust and publication gates in 01-goals-and-rubric.md apply before release
SUM-07-10,summaries,Implication and observable watchpoint,current styling and compact hierarchy,"approved implication, measurable condition, evidence IDs",Avoid generic watch for more discussion filler; meaning changes without brand replacement,5,5,5,5,4,4,4,94.4,94.8,94.8,Requires deterministic derivation or new adjudicated semantic artifact; see data_needed,Trust and publication gates in 01-goals-and-rubric.md apply before release
SUM-08-01,summaries,Abstract plus deep-reading outline,one-sentence scan plus citation,"accepted issue synthesis, section anchors",Abstract must not duplicate the opening cards verbatim; depth in linked evidence,4,4,5,5,4,5,4,87.6,89.2,86.8,Requires deterministic derivation or new adjudicated semantic artifact; see data_needed,Trust and publication gates in 01-goals-and-rubric.md apply before release
SUM-08-02,summaries,Abstract plus deep-reading outline,three-sentence brief,"accepted issue synthesis, section anchors",Abstract must not duplicate the opening cards verbatim; strictly no filler to reach length,5,4,4,5,4,5,4,89.2,88.0,89.6,Requires deterministic derivation or new adjudicated semantic artifact; see data_needed,Trust and publication gates in 01-goals-and-rubric.md apply before release
SUM-08-03,summaries,Abstract plus deep-reading outline,question-and-answer format,"accepted issue synthesis, section anchors",Abstract must not duplicate the opening cards verbatim; question must actually be answered,4,4,4,5,4,5,4,84.8,84.4,85.2,Requires deterministic derivation or new adjudicated semantic artifact; see data_needed,Trust and publication gates in 01-goals-and-rubric.md apply before release
SUM-08-04,summaries,Abstract plus deep-reading outline,parallel positions,"accepted issue synthesis, section anchors",Abstract must not duplicate the opening cards verbatim; avoid false symmetry,4,4,4,5,5,5,4,86.8,86.0,88.0,Requires deterministic derivation or new adjudicated semantic artifact; see data_needed,Trust and publication gates in 01-goals-and-rubric.md apply before release
SUM-08-05,summaries,Abstract plus deep-reading outline,explicit limitation inline,"accepted issue synthesis, section anchors",Abstract must not duplicate the opening cards verbatim; slight scan cost accepted,4,5,4,5,4,5,4,89.2,88.8,90.0,Requires deterministic derivation or new adjudicated semantic artifact; see data_needed,Trust and publication gates in 01-goals-and-rubric.md apply before release
SUM-08-06,summaries,Abstract plus deep-reading outline,expandable concise/deep version,"accepted issue synthesis, section anchors",Abstract must not duplicate the opening cards verbatim; both versions from same evidence snapshot,4,4,5,5,4,5,3,86.0,88.0,85.6,Requires deterministic derivation or new adjudicated semantic artifact; see data_needed,Trust and publication gates in 01-goals-and-rubric.md apply before release
SUM-08-07,summaries,Abstract plus deep-reading outline,chronological update log,"accepted issue synthesis, section anchors",Abstract must not duplicate the opening cards verbatim; new/changed/backfilled distinguishable,4,4,4,5,4,5,4,84.8,84.4,85.2,Requires deterministic derivation or new adjudicated semantic artifact; see data_needed,Trust and publication gates in 01-goals-and-rubric.md apply before release
SUM-08-08,summaries,Abstract plus deep-reading outline,source-diverse representative quotes,"accepted issue synthesis, section anchors",Abstract must not duplicate the opening cards verbatim; quote selection method disclosed,4,5,4,5,5,5,4,91.2,90.4,92.8,Requires deterministic derivation or new adjudicated semantic artifact; see data_needed,Trust and publication gates in 01-goals-and-rubric.md apply before release
SUM-08-09,summaries,Abstract plus deep-reading outline,evidence-only fallback,"accepted issue synthesis, section anchors",Abstract must not duplicate the opening cards verbatim; honest interim behavior without fabricated synthesis,4,5,3,5,4,5,5,88.0,85.2,89.6,Requires deterministic derivation or new adjudicated semantic artifact; see data_needed,Trust and publication gates in 01-goals-and-rubric.md apply before release
SUM-08-10,summaries,Abstract plus deep-reading outline,current styling and compact hierarchy,"accepted issue synthesis, section anchors",Abstract must not duplicate the opening cards verbatim; meaning changes without brand replacement,4,4,5,5,4,5,5,89.2,90.4,88.0,Requires deterministic derivation or new adjudicated semantic artifact; see data_needed,Trust and publication gates in 01-goals-and-rubric.md apply before release
SUM-09-01,summaries,Evidence-only extractive digest,one-sentence scan plus citation,accepted context-sufficient excerpts,"Low synthesis burden on system, high burden on reader; depth in linked evidence",3,5,5,5,4,5,5,89.2,91.2,88.4,Requires deterministic derivation or new adjudicated semantic artifact; see data_needed,Trust and publication gates in 01-goals-and-rubric.md apply before release
SUM-09-02,summaries,Evidence-only extractive digest,three-sentence brief,accepted context-sufficient excerpts,"Low synthesis burden on system, high burden on reader; strictly no filler to reach length",4,5,4,5,4,5,5,90.8,90.0,91.2,Requires deterministic derivation or new adjudicated semantic artifact; see data_needed,Trust and publication gates in 01-goals-and-rubric.md apply before release
SUM-09-03,summaries,Evidence-only extractive digest,question-and-answer format,accepted context-sufficient excerpts,"Low synthesis burden on system, high burden on reader; question must actually be answered",3,5,4,5,4,5,5,86.4,86.4,86.8,Requires deterministic derivation or new adjudicated semantic artifact; see data_needed,Trust and publication gates in 01-goals-and-rubric.md apply before release
SUM-09-04,summaries,Evidence-only extractive digest,parallel positions,accepted context-sufficient excerpts,"Low synthesis burden on system, high burden on reader; avoid false symmetry",3,5,4,5,5,5,5,88.4,88.0,89.6,Requires deterministic derivation or new adjudicated semantic artifact; see data_needed,Trust and publication gates in 01-goals-and-rubric.md apply before release
SUM-09-05,summaries,Evidence-only extractive digest,explicit limitation inline,accepted context-sufficient excerpts,"Low synthesis burden on system, high burden on reader; slight scan cost accepted",3,5,4,5,4,5,5,86.4,86.4,86.8,Requires deterministic derivation or new adjudicated semantic artifact; see data_needed,Trust and publication gates in 01-goals-and-rubric.md apply before release
SUM-09-06,summaries,Evidence-only extractive digest,expandable concise/deep version,accepted context-sufficient excerpts,"Low synthesis burden on system, high burden on reader; both versions from same evidence snapshot",3,5,5,5,4,5,4,87.6,90.0,87.2,Requires deterministic derivation or new adjudicated semantic artifact; see data_needed,Trust and publication gates in 01-goals-and-rubric.md apply before release
SUM-09-07,summaries,Evidence-only extractive digest,chronological update log,accepted context-sufficient excerpts,"Low synthesis burden on system, high burden on reader; new/changed/backfilled distinguishable",3,5,4,5,4,5,5,86.4,86.4,86.8,Requires deterministic derivation or new adjudicated semantic artifact; see data_needed,Trust and publication gates in 01-goals-and-rubric.md apply before release
SUM-09-08,summaries,Evidence-only extractive digest,source-diverse representative quotes,accepted context-sufficient excerpts,"Low synthesis burden on system, high burden on reader; quote selection method disclosed",3,5,4,5,5,5,5,88.4,88.0,89.6,Requires deterministic derivation or new adjudicated semantic artifact; see data_needed,Trust and publication gates in 01-goals-and-rubric.md apply before release
SUM-09-09,summaries,Evidence-only extractive digest,evidence-only fallback,accepted context-sufficient excerpts,"Low synthesis burden on system, high burden on reader; honest interim behavior without fabricated synthesis",3,5,3,5,4,5,5,83.6,81.6,85.2,Requires deterministic derivation or new adjudicated semantic artifact; see data_needed,Trust and publication gates in 01-goals-and-rubric.md apply before release
SUM-09-10,summaries,Evidence-only extractive digest,current styling and compact hierarchy,accepted context-sufficient excerpts,"Low synthesis burden on system, high burden on reader; meaning changes without brand replacement",3,5,5,5,4,5,5,89.2,91.2,88.4,Requires deterministic derivation or new adjudicated semantic artifact; see data_needed,Trust and publication gates in 01-goals-and-rubric.md apply before release
SUM-10-01,summaries,Automatically generated long narrative,one-sentence scan plus citation,"sentence entailment checks, diverse approved sources",Verbosity hides thin evidence and weakens scanning; depth in linked evidence,4,4,4,5,4,4,2,79.6,79.6,81.6,Requires deterministic derivation or new adjudicated semantic artifact; see data_needed,Trust and publication gates in 01-goals-and-rubric.md apply before release
SUM-10-02,summaries,Automatically generated long narrative,three-sentence brief,"sentence entailment checks, diverse approved sources",Verbosity hides thin evidence and weakens scanning; strictly no filler to reach length,5,4,3,5,4,3,2,79.2,76.0,83.2,Requires deterministic derivation or new adjudicated semantic artifact; see data_needed,Trust and publication gates in 01-goals-and-rubric.md apply before release
SUM-10-03,summaries,Automatically generated long narrative,question-and-answer format,"sentence entailment checks, diverse approved sources",Verbosity hides thin evidence and weakens scanning; question must actually be answered,4,4,3,5,4,3,2,74.8,72.4,78.8,Requires deterministic derivation or new adjudicated semantic artifact; see data_needed,Trust and publication gates in 01-goals-and-rubric.md apply before release
SUM-10-04,summaries,Automatically generated long narrative,parallel positions,"sentence entailment checks, diverse approved sources",Verbosity hides thin evidence and weakens scanning; avoid false symmetry,4,4,3,5,5,3,2,76.8,74.0,81.6,Requires deterministic derivation or new adjudicated semantic artifact; see data_needed,Trust and publication gates in 01-goals-and-rubric.md apply before release
SUM-10-05,summaries,Automatically generated long narrative,explicit limitation inline,"sentence entailment checks, diverse approved sources",Verbosity hides thin evidence and weakens scanning; slight scan cost accepted,4,5,3,5,4,3,2,79.2,76.8,83.6,Requires deterministic derivation or new adjudicated semantic artifact; see data_needed,Trust and publication gates in 01-goals-and-rubric.md apply before release
SUM-10-06,summaries,Automatically generated long narrative,expandable concise/deep version,"sentence entailment checks, diverse approved sources",Verbosity hides thin evidence and weakens scanning; both versions from same evidence snapshot,4,4,4,5,4,3,1,76.0,76.0,79.2,Requires deterministic derivation or new adjudicated semantic artifact; see data_needed,Trust and publication gates in 01-goals-and-rubric.md apply before release
SUM-10-07,summaries,Automatically generated long narrative,chronological update log,"sentence entailment checks, diverse approved sources",Verbosity hides thin evidence and weakens scanning; new/changed/backfilled distinguishable,4,4,3,5,4,3,2,74.8,72.4,78.8,Requires deterministic derivation or new adjudicated semantic artifact; see data_needed,Trust and publication gates in 01-goals-and-rubric.md apply before release
SUM-10-08,summaries,Automatically generated long narrative,source-diverse representative quotes,"sentence entailment checks, diverse approved sources",Verbosity hides thin evidence and weakens scanning; quote selection method disclosed,4,5,3,5,5,3,2,81.2,78.4,86.4,Requires deterministic derivation or new adjudicated semantic artifact; see data_needed,Trust and publication gates in 01-goals-and-rubric.md apply before release
SUM-10-09,summaries,Automatically generated long narrative,evidence-only fallback,"sentence entailment checks, diverse approved sources",Verbosity hides thin evidence and weakens scanning; honest interim behavior without fabricated synthesis,4,5,2,5,4,3,3,78.0,73.2,83.2,Requires deterministic derivation or new adjudicated semantic artifact; see data_needed,Trust and publication gates in 01-goals-and-rubric.md apply before release
SUM-10-10,summaries,Automatically generated long narrative,current styling and compact hierarchy,"sentence entailment checks, diverse approved sources",Verbosity hides thin evidence and weakens scanning; meaning changes without brand replacement,4,4,4,5,4,3,3,79.2,78.4,81.6,Requires deterministic derivation or new adjudicated semantic artifact; see data_needed,Trust and publication gates in 01-goals-and-rubric.md apply before release
ALE-01-01,alerts,Material comparable-period attention change,inline badge on affected issue,"baseline/current normalized series, coverage check",Threshold must be stable and source-diverse; quiet and contextual; requires opening issue,4,4,4,4,4,5,5,83.6,83.6,82.4,Presentation-ready; substantive content depends on approved corpus,"Approved, versioned event plus deduplication; delivery authorization if external"
ALE-01-02,alerts,Material comparable-period attention change,ranked briefing section,"baseline/current normalized series, coverage check",Threshold must be stable and source-diverse; discoverable without account,4,4,5,4,4,4,5,84.4,86.0,82.8,Presentation-ready; substantive content depends on approved corpus,"Approved, versioned event plus deduplication; delivery authorization if external"
ALE-01-03,alerts,Material comparable-period attention change,on-site digest grouped by issue,"baseline/current normalized series, coverage check",Threshold must be stable and source-diverse; deduplicate across claim/voice/source events,4,4,5,4,4,4,4,82.8,84.8,81.6,Presentation-ready; substantive content depends on approved corpus,"Approved, versioned event plus deduplication; delivery authorization if external"
ALE-01-04,alerts,Material comparable-period attention change,user-opened change ledger,"baseline/current normalized series, coverage check","Threshold must be stable and source-diverse; pull-based, clear revision history",4,5,4,5,4,4,4,87.2,86.4,88.8,Presentation-ready; substantive content depends on approved corpus,"Approved, versioned event plus deduplication; delivery authorization if external"
ALE-01-05,alerts,Material comparable-period attention change,local follow-list highlight,"baseline/current normalized series, coverage check",Threshold must be stable and source-diverse; browser-only state clearly explained,4,4,5,4,4,4,3,81.2,83.6,80.4,Presentation-ready; substantive content depends on approved corpus,"Approved, versioned event plus deduplication; delivery authorization if external"
ALE-01-06,alerts,Material comparable-period attention change,daily email digest,"baseline/current normalized series, coverage check",Threshold must be stable and source-diverse; requires separately authorized delivery and subscription,4,4,5,4,4,4,3,81.2,83.6,80.4,Requires private preference/delivery infrastructure; no external sending enabled,"Approved, versioned event plus deduplication; delivery authorization if external"
ALE-01-07,alerts,Material comparable-period attention change,immediate push,"baseline/current normalized series, coverage check",Threshold must be stable and source-diverse; high interruption cost; opt-in infrastructure,4,4,5,4,4,3,3,79.2,81.2,79.2,Requires private preference/delivery infrastructure; no external sending enabled,"Approved, versioned event plus deduplication; delivery authorization if external"
ALE-01-08,alerts,Material comparable-period attention change,weekly summary,"baseline/current normalized series, coverage check",Threshold must be stable and source-diverse; low interruption but delays fast changes,4,4,5,4,4,4,4,82.8,84.8,81.6,Presentation-ready; substantive content depends on approved corpus,"Approved, versioned event plus deduplication; delivery authorization if external"
ALE-01-09,alerts,Material comparable-period attention change,threshold crossing with hysteresis,"baseline/current normalized series, coverage check",Threshold must be stable and source-diverse; requires persisted alert state and tested thresholds,4,5,4,4,4,4,3,82.8,83.2,83.6,Presentation-ready; substantive content depends on approved corpus,"Approved, versioned event plus deduplication; delivery authorization if external"
ALE-01-10,alerts,Material comparable-period attention change,every-event toast,"baseline/current normalized series, coverage check",Threshold must be stable and source-diverse; rejected default: disruption and event spam,4,4,3,4,4,3,3,73.6,71.6,76.0,Presentation-ready; substantive content depends on approved corpus,"Approved, versioned event plus deduplication; delivery authorization if external"
ALE-02-01,alerts,New consequential accepted claim,inline badge on affected issue,"event lineage, canonical issue, novelty adjudication",Newly processed old claim is not new news; quiet and contextual; requires opening issue,4,4,4,5,4,5,5,86.4,85.6,86.4,Presentation-ready; substantive content depends on approved corpus,"Approved, versioned event plus deduplication; delivery authorization if external"
ALE-02-02,alerts,New consequential accepted claim,ranked briefing section,"event lineage, canonical issue, novelty adjudication",Newly processed old claim is not new news; discoverable without account,4,4,5,5,4,4,5,87.2,88.0,86.8,Presentation-ready; substantive content depends on approved corpus,"Approved, versioned event plus deduplication; delivery authorization if external"
ALE-02-03,alerts,New consequential accepted claim,on-site digest grouped by issue,"event lineage, canonical issue, novelty adjudication",Newly processed old claim is not new news; deduplicate across claim/voice/source events,4,4,5,5,4,4,4,85.6,86.8,85.6,Presentation-ready; substantive content depends on approved corpus,"Approved, versioned event plus deduplication; delivery authorization if external"
ALE-02-04,alerts,New consequential accepted claim,user-opened change ledger,"event lineage, canonical issue, novelty adjudication","Newly processed old claim is not new news; pull-based, clear revision history",4,5,4,5,4,4,4,87.2,86.4,88.8,Presentation-ready; substantive content depends on approved corpus,"Approved, versioned event plus deduplication; delivery authorization if external"
ALE-02-05,alerts,New consequential accepted claim,local follow-list highlight,"event lineage, canonical issue, novelty adjudication",Newly processed old claim is not new news; browser-only state clearly explained,4,4,5,5,4,4,3,84.0,85.6,84.4,Presentation-ready; substantive content depends on approved corpus,"Approved, versioned event plus deduplication; delivery authorization if external"
ALE-02-06,alerts,New consequential accepted claim,daily email digest,"event lineage, canonical issue, novelty adjudication",Newly processed old claim is not new news; requires separately authorized delivery and subscription,4,4,5,5,4,4,3,84.0,85.6,84.4,Requires private preference/delivery infrastructure; no external sending enabled,"Approved, versioned event plus deduplication; delivery authorization if external"
ALE-02-07,alerts,New consequential accepted claim,immediate push,"event lineage, canonical issue, novelty adjudication",Newly processed old claim is not new news; high interruption cost; opt-in infrastructure,4,4,5,5,4,3,3,82.0,83.2,83.2,Requires private preference/delivery infrastructure; no external sending enabled,"Approved, versioned event plus deduplication; delivery authorization if external"
ALE-02-08,alerts,New consequential accepted claim,weekly summary,"event lineage, canonical issue, novelty adjudication",Newly processed old claim is not new news; low interruption but delays fast changes,4,4,5,5,4,4,4,85.6,86.8,85.6,Presentation-ready; substantive content depends on approved corpus,"Approved, versioned event plus deduplication; delivery authorization if external"
ALE-02-09,alerts,New consequential accepted claim,threshold crossing with hysteresis,"event lineage, canonical issue, novelty adjudication",Newly processed old claim is not new news; requires persisted alert state and tested thresholds,4,5,4,5,4,4,3,85.6,85.2,87.6,Presentation-ready; substantive content depends on approved corpus,"Approved, versioned event plus deduplication; delivery authorization if external"
ALE-02-10,alerts,New consequential accepted claim,every-event toast,"event lineage, canonical issue, novelty adjudication",Newly processed old claim is not new news; rejected default: disruption and event spam,4,4,3,5,4,3,3,76.4,73.6,80.0,Presentation-ready; substantive content depends on approved corpus,"Approved, versioned event plus deduplication; delivery authorization if external"
ALE-03-01,alerts,Verified change of view,inline badge on affected issue,"paired direct claims, proposition, dates, approval",Different context can explain an apparent reversal; quiet and contextual; requires opening issue,5,4,4,5,5,5,4,91.2,89.6,92.4,Requires deterministic derivation or new adjudicated semantic artifact; see data_needed,"Approved, versioned event plus deduplication; delivery authorization if external"
ALE-03-02,alerts,Verified change of view,ranked briefing section,"paired direct claims, proposition, dates, approval",Different context can explain an apparent reversal; discoverable without account,5,4,5,5,5,4,4,92.0,92.0,92.8,Requires deterministic derivation or new adjudicated semantic artifact; see data_needed,"Approved, versioned event plus deduplication; delivery authorization if external"
ALE-03-03,alerts,Verified change of view,on-site digest grouped by issue,"paired direct claims, proposition, dates, approval",Different context can explain an apparent reversal; deduplicate across claim/voice/source events,5,4,5,5,5,4,3,90.4,90.8,91.6,Requires deterministic derivation or new adjudicated semantic artifact; see data_needed,"Approved, versioned event plus deduplication; delivery authorization if external"
ALE-03-04,alerts,Verified change of view,user-opened change ledger,"paired direct claims, proposition, dates, approval","Different context can explain an apparent reversal; pull-based, clear revision history",5,5,4,5,5,4,3,92.0,90.4,94.8,Requires deterministic derivation or new adjudicated semantic artifact; see data_needed,"Approved, versioned event plus deduplication; delivery authorization if external"
ALE-03-05,alerts,Verified change of view,local follow-list highlight,"paired direct claims, proposition, dates, approval",Different context can explain an apparent reversal; browser-only state clearly explained,5,4,5,5,5,4,2,88.8,89.6,90.4,Requires deterministic derivation or new adjudicated semantic artifact; see data_needed,"Approved, versioned event plus deduplication; delivery authorization if external"
ALE-03-06,alerts,Verified change of view,daily email digest,"paired direct claims, proposition, dates, approval",Different context can explain an apparent reversal; requires separately authorized delivery and subscription,5,4,5,5,5,4,2,88.8,89.6,90.4,Requires private preference/delivery infrastructure; no external sending enabled,"Approved, versioned event plus deduplication; delivery authorization if external"
ALE-03-07,alerts,Verified change of view,immediate push,"paired direct claims, proposition, dates, approval",Different context can explain an apparent reversal; high interruption cost; opt-in infrastructure,5,4,5,5,5,3,2,86.8,87.2,89.2,Requires private preference/delivery infrastructure; no external sending enabled,"Approved, versioned event plus deduplication; delivery authorization if external"
ALE-03-08,alerts,Verified change of view,weekly summary,"paired direct claims, proposition, dates, approval",Different context can explain an apparent reversal; low interruption but delays fast changes,5,4,5,5,5,4,3,90.4,90.8,91.6,Requires deterministic derivation or new adjudicated semantic artifact; see data_needed,"Approved, versioned event plus deduplication; delivery authorization if external"
ALE-03-09,alerts,Verified change of view,threshold crossing with hysteresis,"paired direct claims, proposition, dates, approval",Different context can explain an apparent reversal; requires persisted alert state and tested thresholds,5,5,4,5,5,4,2,90.4,89.2,93.6,Requires deterministic derivation or new adjudicated semantic artifact; see data_needed,"Approved, versioned event plus deduplication; delivery authorization if external"
ALE-03-10,alerts,Verified change of view,every-event toast,"paired direct claims, proposition, dates, approval",Different context can explain an apparent reversal; rejected default: disruption and event spam,5,4,3,5,5,3,2,81.2,77.6,86.0,Requires deterministic derivation or new adjudicated semantic artifact; see data_needed,"Approved, versioned event plus deduplication; delivery authorization if external"
ALE-04-01,alerts,Substantive disagreement surfaced,inline badge on affected issue,"opposing claims on same proposition, credible attribution","Disagreement is an insight, not necessarily urgent; quiet and contextual; requires opening issue",5,4,4,5,5,5,4,91.2,89.6,92.4,Requires deterministic derivation or new adjudicated semantic artifact; see data_needed,"Approved, versioned event plus deduplication; delivery authorization if external"
ALE-04-02,alerts,Substantive disagreement surfaced,ranked briefing section,"opposing claims on same proposition, credible attribution","Disagreement is an insight, not necessarily urgent; discoverable without account",5,4,5,5,5,4,4,92.0,92.0,92.8,Requires deterministic derivation or new adjudicated semantic artifact; see data_needed,"Approved, versioned event plus deduplication; delivery authorization if external"
ALE-04-03,alerts,Substantive disagreement surfaced,on-site digest grouped by issue,"opposing claims on same proposition, credible attribution","Disagreement is an insight, not necessarily urgent; deduplicate across claim/voice/source events",5,4,5,5,5,4,3,90.4,90.8,91.6,Requires deterministic derivation or new adjudicated semantic artifact; see data_needed,"Approved, versioned event plus deduplication; delivery authorization if external"
ALE-04-04,alerts,Substantive disagreement surfaced,user-opened change ledger,"opposing claims on same proposition, credible attribution","Disagreement is an insight, not necessarily urgent; pull-based, clear revision history",5,5,4,5,5,4,3,92.0,90.4,94.8,Requires deterministic derivation or new adjudicated semantic artifact; see data_needed,"Approved, versioned event plus deduplication; delivery authorization if external"
ALE-04-05,alerts,Substantive disagreement surfaced,local follow-list highlight,"opposing claims on same proposition, credible attribution","Disagreement is an insight, not necessarily urgent; browser-only state clearly explained",5,4,5,5,5,4,2,88.8,89.6,90.4,Requires deterministic derivation or new adjudicated semantic artifact; see data_needed,"Approved, versioned event plus deduplication; delivery authorization if external"
ALE-04-06,alerts,Substantive disagreement surfaced,daily email digest,"opposing claims on same proposition, credible attribution","Disagreement is an insight, not necessarily urgent; requires separately authorized delivery and subscription",5,4,5,5,5,4,2,88.8,89.6,90.4,Requires private preference/delivery infrastructure; no external sending enabled,"Approved, versioned event plus deduplication; delivery authorization if external"
ALE-04-07,alerts,Substantive disagreement surfaced,immediate push,"opposing claims on same proposition, credible attribution","Disagreement is an insight, not necessarily urgent; high interruption cost; opt-in infrastructure",5,4,5,5,5,3,2,86.8,87.2,89.2,Requires private preference/delivery infrastructure; no external sending enabled,"Approved, versioned event plus deduplication; delivery authorization if external"
ALE-04-08,alerts,Substantive disagreement surfaced,weekly summary,"opposing claims on same proposition, credible attribution","Disagreement is an insight, not necessarily urgent; low interruption but delays fast changes",5,4,5,5,5,4,3,90.4,90.8,91.6,Requires deterministic derivation or new adjudicated semantic artifact; see data_needed,"Approved, versioned event plus deduplication; delivery authorization if external"
ALE-04-09,alerts,Substantive disagreement surfaced,threshold crossing with hysteresis,"opposing claims on same proposition, credible attribution","Disagreement is an insight, not necessarily urgent; requires persisted alert state and tested thresholds",5,5,4,5,5,4,2,90.4,89.2,93.6,Requires deterministic derivation or new adjudicated semantic artifact; see data_needed,"Approved, versioned event plus deduplication; delivery authorization if external"
ALE-04-10,alerts,Substantive disagreement surfaced,every-event toast,"opposing claims on same proposition, credible attribution","Disagreement is an insight, not necessarily urgent; rejected default: disruption and event spam",5,4,3,5,5,3,2,81.2,77.6,86.0,Requires deterministic derivation or new adjudicated semantic artifact; see data_needed,"Approved, versioned event plus deduplication; delivery authorization if external"
ALE-05-01,alerts,Evidence corrected or withdrawn,inline badge on affected issue,"revision/retraction lineage, affected claims",Must propagate to briefs and saved routes; quiet and contextual; requires opening issue,4,5,5,5,4,5,5,93.6,94.8,92.8,Presentation-ready; substantive content depends on approved corpus,"Approved, versioned event plus deduplication; delivery authorization if external"
ALE-05-02,alerts,Evidence corrected or withdrawn,ranked briefing section,"revision/retraction lineage, affected claims",Must propagate to briefs and saved routes; discoverable without account,4,5,5,5,4,5,5,93.6,94.8,92.8,Presentation-ready; substantive content depends on approved corpus,"Approved, versioned event plus deduplication; delivery authorization if external"
ALE-05-03,alerts,Evidence corrected or withdrawn,on-site digest grouped by issue,"revision/retraction lineage, affected claims",Must propagate to briefs and saved routes; deduplicate across claim/voice/source events,4,5,5,5,4,5,4,92.0,93.6,91.6,Presentation-ready; substantive content depends on approved corpus,"Approved, versioned event plus deduplication; delivery authorization if external"
ALE-05-04,alerts,Evidence corrected or withdrawn,user-opened change ledger,"revision/retraction lineage, affected claims","Must propagate to briefs and saved routes; pull-based, clear revision history",4,5,5,5,4,5,4,92.0,93.6,91.6,Presentation-ready; substantive content depends on approved corpus,"Approved, versioned event plus deduplication; delivery authorization if external"
ALE-05-05,alerts,Evidence corrected or withdrawn,local follow-list highlight,"revision/retraction lineage, affected claims",Must propagate to briefs and saved routes; browser-only state clearly explained,4,5,5,5,4,5,3,90.4,92.4,90.4,Presentation-ready; substantive content depends on approved corpus,"Approved, versioned event plus deduplication; delivery authorization if external"
ALE-05-06,alerts,Evidence corrected or withdrawn,daily email digest,"revision/retraction lineage, affected claims",Must propagate to briefs and saved routes; requires separately authorized delivery and subscription,4,5,5,5,4,5,3,90.4,92.4,90.4,Requires private preference/delivery infrastructure; no external sending enabled,"Approved, versioned event plus deduplication; delivery authorization if external"
ALE-05-07,alerts,Evidence corrected or withdrawn,immediate push,"revision/retraction lineage, affected claims",Must propagate to briefs and saved routes; high interruption cost; opt-in infrastructure,4,5,5,5,4,4,3,88.4,90.0,89.2,Requires private preference/delivery infrastructure; no external sending enabled,"Approved, versioned event plus deduplication; delivery authorization if external"
ALE-05-08,alerts,Evidence corrected or withdrawn,weekly summary,"revision/retraction lineage, affected claims",Must propagate to briefs and saved routes; low interruption but delays fast changes,4,5,5,5,4,5,4,92.0,93.6,91.6,Presentation-ready; substantive content depends on approved corpus,"Approved, versioned event plus deduplication; delivery authorization if external"
ALE-05-09,alerts,Evidence corrected or withdrawn,threshold crossing with hysteresis,"revision/retraction lineage, affected claims",Must propagate to briefs and saved routes; requires persisted alert state and tested thresholds,4,5,5,5,4,5,3,90.4,92.4,90.4,Presentation-ready; substantive content depends on approved corpus,"Approved, versioned event plus deduplication; delivery authorization if external"
ALE-05-10,alerts,Evidence corrected or withdrawn,every-event toast,"revision/retraction lineage, affected claims",Must propagate to briefs and saved routes; rejected default: disruption and event spam,4,5,4,5,4,4,3,85.6,85.2,87.6,Presentation-ready; substantive content depends on approved corpus,"Approved, versioned event plus deduplication; delivery authorization if external"
ALE-06-01,alerts,Coverage or freshness deteriorated,inline badge on affected issue,"published-through, build timestamp, source lag",Operational noise should be scoped to affected research; quiet and contextual; requires opening issue,3,5,4,4,4,5,5,83.6,84.4,82.8,Presentation-ready; substantive content depends on approved corpus,"Approved, versioned event plus deduplication; delivery authorization if external"
ALE-06-02,alerts,Coverage or freshness deteriorated,ranked briefing section,"published-through, build timestamp, source lag",Operational noise should be scoped to affected research; discoverable without account,3,5,5,4,4,5,5,86.4,89.2,84.4,Presentation-ready; substantive content depends on approved corpus,"Approved, versioned event plus deduplication; delivery authorization if external"
ALE-06-03,alerts,Coverage or freshness deteriorated,on-site digest grouped by issue,"published-through, build timestamp, source lag",Operational noise should be scoped to affected research; deduplicate across claim/voice/source events,3,5,5,4,4,5,5,86.4,89.2,84.4,Presentation-ready; substantive content depends on approved corpus,"Approved, versioned event plus deduplication; delivery authorization if external"
ALE-06-04,alerts,Coverage or freshness deteriorated,user-opened change ledger,"published-through, build timestamp, source lag","Operational noise should be scoped to affected research; pull-based, clear revision history",3,5,4,5,4,5,5,86.4,86.4,86.8,Presentation-ready; substantive content depends on approved corpus,"Approved, versioned event plus deduplication; delivery authorization if external"
ALE-06-05,alerts,Coverage or freshness deteriorated,local follow-list highlight,"published-through, build timestamp, source lag",Operational noise should be scoped to affected research; browser-only state clearly explained,3,5,5,4,4,5,4,84.8,88.0,83.2,Presentation-ready; substantive content depends on approved corpus,"Approved, versioned event plus deduplication; delivery authorization if external"
ALE-06-06,alerts,Coverage or freshness deteriorated,daily email digest,"published-through, build timestamp, source lag",Operational noise should be scoped to affected research; requires separately authorized delivery and subscription,3,5,5,4,4,5,4,84.8,88.0,83.2,Requires private preference/delivery infrastructure; no external sending enabled,"Approved, versioned event plus deduplication; delivery authorization if external"
ALE-06-07,alerts,Coverage or freshness deteriorated,immediate push,"published-through, build timestamp, source lag",Operational noise should be scoped to affected research; high interruption cost; opt-in infrastructure,3,5,5,4,4,4,4,82.8,85.6,82.0,Requires private preference/delivery infrastructure; no external sending enabled,"Approved, versioned event plus deduplication; delivery authorization if external"
ALE-06-08,alerts,Coverage or freshness deteriorated,weekly summary,"published-through, build timestamp, source lag",Operational noise should be scoped to affected research; low interruption but delays fast changes,3,5,5,4,4,5,5,86.4,89.2,84.4,Presentation-ready; substantive content depends on approved corpus,"Approved, versioned event plus deduplication; delivery authorization if external"
ALE-06-09,alerts,Coverage or freshness deteriorated,threshold crossing with hysteresis,"published-through, build timestamp, source lag",Operational noise should be scoped to affected research; requires persisted alert state and tested thresholds,3,5,4,4,4,5,4,82.0,83.2,81.6,Presentation-ready; substantive content depends on approved corpus,"Approved, versioned event plus deduplication; delivery authorization if external"
ALE-06-10,alerts,Coverage or freshness deteriorated,every-event toast,"published-through, build timestamp, source lag",Operational noise should be scoped to affected research; rejected default: disruption and event spam,3,5,3,4,4,4,4,77.2,76.0,78.8,Presentation-ready; substantive content depends on approved corpus,"Approved, versioned event plus deduplication; delivery authorization if external"
ALE-07-01,alerts,Watched issue crosses declared threshold,inline badge on affected issue,"owner watch state, measurable approved metric",Needs explicit preference persistence and deduplication; quiet and contextual; requires opening issue,4,4,4,5,4,5,4,84.8,84.4,85.2,Presentation-ready; substantive content depends on approved corpus,"Approved, versioned event plus deduplication; delivery authorization if external"
ALE-07-02,alerts,Watched issue crosses declared threshold,ranked briefing section,"owner watch state, measurable approved metric",Needs explicit preference persistence and deduplication; discoverable without account,4,4,5,5,4,4,4,85.6,86.8,85.6,Presentation-ready; substantive content depends on approved corpus,"Approved, versioned event plus deduplication; delivery authorization if external"
ALE-07-03,alerts,Watched issue crosses declared threshold,on-site digest grouped by issue,"owner watch state, measurable approved metric",Needs explicit preference persistence and deduplication; deduplicate across claim/voice/source events,4,4,5,5,4,4,3,84.0,85.6,84.4,Presentation-ready; substantive content depends on approved corpus,"Approved, versioned event plus deduplication; delivery authorization if external"
ALE-07-04,alerts,Watched issue crosses declared threshold,user-opened change ledger,"owner watch state, measurable approved metric","Needs explicit preference persistence and deduplication; pull-based, clear revision history",4,5,4,5,4,4,3,85.6,85.2,87.6,Presentation-ready; substantive content depends on approved corpus,"Approved, versioned event plus deduplication; delivery authorization if external"
ALE-07-05,alerts,Watched issue crosses declared threshold,local follow-list highlight,"owner watch state, measurable approved metric",Needs explicit preference persistence and deduplication; browser-only state clearly explained,4,4,5,5,4,4,2,82.4,84.4,83.2,Presentation-ready; substantive content depends on approved corpus,"Approved, versioned event plus deduplication; delivery authorization if external"
ALE-07-06,alerts,Watched issue crosses declared threshold,daily email digest,"owner watch state, measurable approved metric",Needs explicit preference persistence and deduplication; requires separately authorized delivery and subscription,4,4,5,5,4,4,2,82.4,84.4,83.2,Requires private preference/delivery infrastructure; no external sending enabled,"Approved, versioned event plus deduplication; delivery authorization if external"
ALE-07-07,alerts,Watched issue crosses declared threshold,immediate push,"owner watch state, measurable approved metric",Needs explicit preference persistence and deduplication; high interruption cost; opt-in infrastructure,4,4,5,5,4,3,2,80.4,82.0,82.0,Requires private preference/delivery infrastructure; no external sending enabled,"Approved, versioned event plus deduplication; delivery authorization if external"
ALE-07-08,alerts,Watched issue crosses declared threshold,weekly summary,"owner watch state, measurable approved metric",Needs explicit preference persistence and deduplication; low interruption but delays fast changes,4,4,5,5,4,4,3,84.0,85.6,84.4,Presentation-ready; substantive content depends on approved corpus,"Approved, versioned event plus deduplication; delivery authorization if external"
ALE-07-09,alerts,Watched issue crosses declared threshold,threshold crossing with hysteresis,"owner watch state, measurable approved metric",Needs explicit preference persistence and deduplication; requires persisted alert state and tested thresholds,4,5,4,5,4,4,2,84.0,84.0,86.4,Presentation-ready; substantive content depends on approved corpus,"Approved, versioned event plus deduplication; delivery authorization if external"
ALE-07-10,alerts,Watched issue crosses declared threshold,every-event toast,"owner watch state, measurable approved metric",Needs explicit preference persistence and deduplication; rejected default: disruption and event spam,4,4,3,5,4,3,2,74.8,72.4,78.8,Presentation-ready; substantive content depends on approved corpus,"Approved, versioned event plus deduplication; delivery authorization if external"
ALE-08-01,alerts,Prediction reached resolution date,inline badge on affected issue,"forecast target, horizon, outcome source, resolution",Existing attestation checks are not forecasting outcomes; quiet and contextual; requires opening issue,4,4,3,5,5,5,3,82.4,80.0,85.2,Requires deterministic derivation or new adjudicated semantic artifact; see data_needed,"Approved, versioned event plus deduplication; delivery authorization if external"
ALE-08-02,alerts,Prediction reached resolution date,ranked briefing section,"forecast target, horizon, outcome source, resolution",Existing attestation checks are not forecasting outcomes; discoverable without account,4,4,4,5,5,4,3,83.2,82.4,85.6,Requires deterministic derivation or new adjudicated semantic artifact; see data_needed,"Approved, versioned event plus deduplication; delivery authorization if external"
ALE-08-03,alerts,Prediction reached resolution date,on-site digest grouped by issue,"forecast target, horizon, outcome source, resolution",Existing attestation checks are not forecasting outcomes; deduplicate across claim/voice/source events,4,4,4,5,5,4,2,81.6,81.2,84.4,Requires deterministic derivation or new adjudicated semantic artifact; see data_needed,"Approved, versioned event plus deduplication; delivery authorization if external"
ALE-08-04,alerts,Prediction reached resolution date,user-opened change ledger,"forecast target, horizon, outcome source, resolution","Existing attestation checks are not forecasting outcomes; pull-based, clear revision history",4,5,3,5,5,4,2,83.2,80.8,87.6,Requires deterministic derivation or new adjudicated semantic artifact; see data_needed,"Approved, versioned event plus deduplication; delivery authorization if external"
ALE-08-05,alerts,Prediction reached resolution date,local follow-list highlight,"forecast target, horizon, outcome source, resolution",Existing attestation checks are not forecasting outcomes; browser-only state clearly explained,4,4,4,5,5,4,1,80.0,80.0,83.2,Requires deterministic derivation or new adjudicated semantic artifact; see data_needed,"Approved, versioned event plus deduplication; delivery authorization if external"
ALE-08-06,alerts,Prediction reached resolution date,daily email digest,"forecast target, horizon, outcome source, resolution",Existing attestation checks are not forecasting outcomes; requires separately authorized delivery and subscription,4,4,4,5,5,4,1,80.0,80.0,83.2,Requires private preference/delivery infrastructure; no external sending enabled,"Approved, versioned event plus deduplication; delivery authorization if external"
ALE-08-07,alerts,Prediction reached resolution date,immediate push,"forecast target, horizon, outcome source, resolution",Existing attestation checks are not forecasting outcomes; high interruption cost; opt-in infrastructure,4,4,4,5,5,3,1,78.0,77.6,82.0,Requires private preference/delivery infrastructure; no external sending enabled,"Approved, versioned event plus deduplication; delivery authorization if external"
ALE-08-08,alerts,Prediction reached resolution date,weekly summary,"forecast target, horizon, outcome source, resolution",Existing attestation checks are not forecasting outcomes; low interruption but delays fast changes,4,4,4,5,5,4,2,81.6,81.2,84.4,Requires deterministic derivation or new adjudicated semantic artifact; see data_needed,"Approved, versioned event plus deduplication; delivery authorization if external"
ALE-08-09,alerts,Prediction reached resolution date,threshold crossing with hysteresis,"forecast target, horizon, outcome source, resolution",Existing attestation checks are not forecasting outcomes; requires persisted alert state and tested thresholds,4,5,3,5,5,4,1,81.6,79.6,86.4,Requires deterministic derivation or new adjudicated semantic artifact; see data_needed,"Approved, versioned event plus deduplication; delivery authorization if external"
ALE-08-10,alerts,Prediction reached resolution date,every-event toast,"forecast target, horizon, outcome source, resolution",Existing attestation checks are not forecasting outcomes; rejected default: disruption and event spam,4,4,2,5,5,3,1,72.4,68.0,78.8,Requires deterministic derivation or new adjudicated semantic artifact; see data_needed,"Approved, versioned event plus deduplication; delivery authorization if external"
ALE-09-01,alerts,Every new episode notification,inline badge on affected issue,"new episode IDs, subscriptions",High volume without synthesis contradicts two-minute goal; quiet and contextual; requires opening issue,2,2,4,3,2,4,4,55.6,58.8,52.0,Requires private preference/delivery infrastructure; no external sending enabled,"Approved, versioned event plus deduplication; delivery authorization if external"
ALE-09-02,alerts,Every new episode notification,ranked briefing section,"new episode IDs, subscriptions",High volume without synthesis contradicts two-minute goal; discoverable without account,2,2,5,3,2,3,4,56.4,61.2,52.4,Requires private preference/delivery infrastructure; no external sending enabled,"Approved, versioned event plus deduplication; delivery authorization if external"
ALE-09-03,alerts,Every new episode notification,on-site digest grouped by issue,"new episode IDs, subscriptions",High volume without synthesis contradicts two-minute goal; deduplicate across claim/voice/source events,2,2,5,3,2,3,3,54.8,60.0,51.2,Requires private preference/delivery infrastructure; no external sending enabled,"Approved, versioned event plus deduplication; delivery authorization if external"
ALE-09-04,alerts,Every new episode notification,user-opened change ledger,"new episode IDs, subscriptions","High volume without synthesis contradicts two-minute goal; pull-based, clear revision history",2,3,4,4,2,3,3,59.2,61.6,58.4,Requires private preference/delivery infrastructure; no external sending enabled,"Approved, versioned event plus deduplication; delivery authorization if external"
ALE-09-05,alerts,Every new episode notification,local follow-list highlight,"new episode IDs, subscriptions",High volume without synthesis contradicts two-minute goal; browser-only state clearly explained,2,2,5,3,2,3,2,53.2,58.8,50.0,Requires private preference/delivery infrastructure; no external sending enabled,"Approved, versioned event plus deduplication; delivery authorization if external"
ALE-09-06,alerts,Every new episode notification,daily email digest,"new episode IDs, subscriptions",High volume without synthesis contradicts two-minute goal; requires separately authorized delivery and subscription,2,2,5,3,2,3,2,53.2,58.8,50.0,Requires private preference/delivery infrastructure; no external sending enabled,"Approved, versioned event plus deduplication; delivery authorization if external"
ALE-09-07,alerts,Every new episode notification,immediate push,"new episode IDs, subscriptions",High volume without synthesis contradicts two-minute goal; high interruption cost; opt-in infrastructure,2,2,5,3,2,2,2,51.2,56.4,48.8,Requires private preference/delivery infrastructure; no external sending enabled,"Approved, versioned event plus deduplication; delivery authorization if external"
ALE-09-08,alerts,Every new episode notification,weekly summary,"new episode IDs, subscriptions",High volume without synthesis contradicts two-minute goal; low interruption but delays fast changes,2,2,5,3,2,3,3,54.8,60.0,51.2,Requires private preference/delivery infrastructure; no external sending enabled,"Approved, versioned event plus deduplication; delivery authorization if external"
ALE-09-09,alerts,Every new episode notification,threshold crossing with hysteresis,"new episode IDs, subscriptions",High volume without synthesis contradicts two-minute goal; requires persisted alert state and tested thresholds,2,3,4,3,2,3,2,54.8,58.4,53.2,Requires private preference/delivery infrastructure; no external sending enabled,"Approved, versioned event plus deduplication; delivery authorization if external"
ALE-09-10,alerts,Every new episode notification,every-event toast,"new episode IDs, subscriptions",High volume without synthesis contradicts two-minute goal; rejected default: disruption and event spam,2,2,3,3,2,2,2,45.6,46.8,45.6,Requires private preference/delivery infrastructure; no external sending enabled,"Approved, versioned event plus deduplication; delivery authorization if external"
ALE-10-01,alerts,Contrarian popularity notification,inline badge on affected issue,frequency and corpus stance aggregates,Contrarian label can reward noise and misstate population; quiet and contextual; requires opening issue,2,2,3,3,3,4,3,53.2,54.4,52.0,Requires private preference/delivery infrastructure; no external sending enabled,"Approved, versioned event plus deduplication; delivery authorization if external"
ALE-10-02,alerts,Contrarian popularity notification,ranked briefing section,frequency and corpus stance aggregates,Contrarian label can reward noise and misstate population; discoverable without account,2,2,4,3,3,3,3,54.0,56.8,52.4,Requires private preference/delivery infrastructure; no external sending enabled,"Approved, versioned event plus deduplication; delivery authorization if external"
ALE-10-03,alerts,Contrarian popularity notification,on-site digest grouped by issue,frequency and corpus stance aggregates,Contrarian label can reward noise and misstate population; deduplicate across claim/voice/source events,2,2,4,3,3,3,2,52.4,55.6,51.2,Requires private preference/delivery infrastructure; no external sending enabled,"Approved, versioned event plus deduplication; delivery authorization if external"
ALE-10-04,alerts,Contrarian popularity notification,user-opened change ledger,frequency and corpus stance aggregates,"Contrarian label can reward noise and misstate population; pull-based, clear revision history",2,3,3,4,3,3,2,56.8,57.2,58.4,Requires private preference/delivery infrastructure; no external sending enabled,"Approved, versioned event plus deduplication; delivery authorization if external"
ALE-10-05,alerts,Contrarian popularity notification,local follow-list highlight,frequency and corpus stance aggregates,Contrarian label can reward noise and misstate population; browser-only state clearly explained,2,2,4,3,3,3,1,50.8,54.4,50.0,Requires private preference/delivery infrastructure; no external sending enabled,"Approved, versioned event plus deduplication; delivery authorization if external"
ALE-10-06,alerts,Contrarian popularity notification,daily email digest,frequency and corpus stance aggregates,Contrarian label can reward noise and misstate population; requires separately authorized delivery and subscription,2,2,4,3,3,3,1,50.8,54.4,50.0,Requires private preference/delivery infrastructure; no external sending enabled,"Approved, versioned event plus deduplication; delivery authorization if external"
ALE-10-07,alerts,Contrarian popularity notification,immediate push,frequency and corpus stance aggregates,Contrarian label can reward noise and misstate population; high interruption cost; opt-in infrastructure,2,2,4,3,3,2,1,48.8,52.0,48.8,Requires private preference/delivery infrastructure; no external sending enabled,"Approved, versioned event plus deduplication; delivery authorization if external"
ALE-10-08,alerts,Contrarian popularity notification,weekly summary,frequency and corpus stance aggregates,Contrarian label can reward noise and misstate population; low interruption but delays fast changes,2,2,4,3,3,3,2,52.4,55.6,51.2,Requires private preference/delivery infrastructure; no external sending enabled,"Approved, versioned event plus deduplication; delivery authorization if external"
ALE-10-09,alerts,Contrarian popularity notification,threshold crossing with hysteresis,frequency and corpus stance aggregates,Contrarian label can reward noise and misstate population; requires persisted alert state and tested thresholds,2,3,3,3,3,3,1,52.4,54.0,53.2,Requires private preference/delivery infrastructure; no external sending enabled,"Approved, versioned event plus deduplication; delivery authorization if external"
ALE-10-10,alerts,Contrarian popularity notification,every-event toast,frequency and corpus stance aggregates,Contrarian label can reward noise and misstate population; rejected default: disruption and event spam,2,2,2,3,3,2,1,43.2,42.4,45.6,Requires private preference/delivery infrastructure; no external sending enabled,"Approved, versioned event plus deduplication; delivery authorization if external"
AGG-01-01,aggregations,Equal-period share of accepted discourse,monthly default window,"deduplicated claims, eligible-period denominator",Sample coverage still differs; disclose cohort and missingness; stable floor; slower than weekly detection,4,5,5,5,4,4,5,91.6,92.4,91.6,Requires deterministic derivation or new adjudicated semantic artifact; see data_needed,Trust and publication gates in 01-goals-and-rubric.md apply before release
AGG-01-02,aggregations,Equal-period share of accepted discourse,weekly with minimum coverage,"deduplicated claims, eligible-period denominator",Sample coverage still differs; disclose cohort and missingness; suppressed below defined sample support,4,5,4,5,4,4,5,88.8,87.6,90.0,Requires deterministic derivation or new adjudicated semantic artifact; see data_needed,Trust and publication gates in 01-goals-and-rubric.md apply before release
AGG-01-03,aggregations,Equal-period share of accepted discourse,rolling comparable 90-day windows,"deduplicated claims, eligible-period denominator",Sample coverage still differs; disclose cohort and missingness; not calendar-month peak versus rolling quarter,4,5,4,5,4,4,5,88.8,87.6,90.0,Requires deterministic derivation or new adjudicated semantic artifact; see data_needed,Trust and publication gates in 01-goals-and-rubric.md apply before release
AGG-01-04,aggregations,Equal-period share of accepted discourse,per-show macro with pooled comparison,"deduplicated claims, eligible-period denominator",Sample coverage still differs; disclose cohort and missingness; show weighting disclosed,4,5,4,5,5,4,5,90.8,89.2,92.8,Requires deterministic derivation or new adjudicated semantic artifact; see data_needed,Trust and publication gates in 01-goals-and-rubric.md apply before release
AGG-01-05,aggregations,Equal-period share of accepted discourse,matched-source cohort,"deduplicated claims, eligible-period denominator",Sample coverage still differs; disclose cohort and missingness; less breadth but clearer temporal comparisons,4,5,4,5,5,4,4,89.2,88.0,91.6,Requires deterministic derivation or new adjudicated semantic artifact; see data_needed,Trust and publication gates in 01-goals-and-rubric.md apply before release
AGG-01-06,aggregations,Equal-period share of accepted discourse,per-voice weighting with unknowns retained,"deduplicated claims, eligible-period denominator",Sample coverage still differs; disclose cohort and missingness; identity quality governs denominator,4,5,4,5,5,4,4,89.2,88.0,91.6,Requires deterministic derivation or new adjudicated semantic artifact; see data_needed,Trust and publication gates in 01-goals-and-rubric.md apply before release
AGG-01-07,aggregations,Equal-period share of accepted discourse,deduplicated evidence families,"deduplicated claims, eligible-period denominator",Sample coverage still differs; disclose cohort and missingness; lineage must avoid duplicate inflation,4,5,4,5,4,4,5,88.8,87.6,90.0,Requires deterministic derivation or new adjudicated semantic artifact; see data_needed,Trust and publication gates in 01-goals-and-rubric.md apply before release
AGG-01-08,aggregations,Equal-period share of accepted discourse,raw plus normalized views,"deduplicated claims, eligible-period denominator",Sample coverage still differs; disclose cohort and missingness; raw explicitly diagnostic,4,5,4,5,4,4,5,88.8,87.6,90.0,Requires deterministic derivation or new adjudicated semantic artifact; see data_needed,Trust and publication gates in 01-goals-and-rubric.md apply before release
AGG-01-09,aggregations,Equal-period share of accepted discourse,revision-aware incremental update,"deduplicated claims, eligible-period denominator",Sample coverage still differs; disclose cohort and missingness; retractions recompute dependent aggregates,4,5,4,5,4,4,4,87.2,86.4,88.8,Requires deterministic derivation or new adjudicated semantic artifact; see data_needed,Trust and publication gates in 01-goals-and-rubric.md apply before release
AGG-01-10,aggregations,Equal-period share of accepted discourse,existing payload projection adapter,"deduplicated claims, eligible-period denominator",Sample coverage still differs; disclose cohort and missingness; compatibility first; cannot manufacture missing semantics,4,5,4,5,4,4,5,88.8,87.6,90.0,Requires deterministic derivation or new adjudicated semantic artifact; see data_needed,Trust and publication gates in 01-goals-and-rubric.md apply before release
AGG-02-01,aggregations,Source-diverse claim cluster,monthly default window,"canonical proposition, claims, show IDs, deduplication",Syndicated sources are not independent corroboration; stable floor; slower than weekly detection,5,5,5,5,5,4,5,98.0,97.6,98.8,Requires deterministic derivation or new adjudicated semantic artifact; see data_needed,Trust and publication gates in 01-goals-and-rubric.md apply before release
AGG-02-02,aggregations,Source-diverse claim cluster,weekly with minimum coverage,"canonical proposition, claims, show IDs, deduplication",Syndicated sources are not independent corroboration; suppressed below defined sample support,5,5,4,5,5,4,4,93.6,91.6,96.0,Requires deterministic derivation or new adjudicated semantic artifact; see data_needed,Trust and publication gates in 01-goals-and-rubric.md apply before release
AGG-02-03,aggregations,Source-diverse claim cluster,rolling comparable 90-day windows,"canonical proposition, claims, show IDs, deduplication",Syndicated sources are not independent corroboration; not calendar-month peak versus rolling quarter,5,5,4,5,5,4,4,93.6,91.6,96.0,Requires deterministic derivation or new adjudicated semantic artifact; see data_needed,Trust and publication gates in 01-goals-and-rubric.md apply before release
AGG-02-04,aggregations,Source-diverse claim cluster,per-show macro with pooled comparison,"canonical proposition, claims, show IDs, deduplication",Syndicated sources are not independent corroboration; show weighting disclosed,5,5,4,5,5,4,4,93.6,91.6,96.0,Requires deterministic derivation or new adjudicated semantic artifact; see data_needed,Trust and publication gates in 01-goals-and-rubric.md apply before release
AGG-02-05,aggregations,Source-diverse claim cluster,matched-source cohort,"canonical proposition, claims, show IDs, deduplication",Syndicated sources are not independent corroboration; less breadth but clearer temporal comparisons,5,5,4,5,5,4,3,92.0,90.4,94.8,Requires deterministic derivation or new adjudicated semantic artifact; see data_needed,Trust and publication gates in 01-goals-and-rubric.md apply before release
AGG-02-06,aggregations,Source-diverse claim cluster,per-voice weighting with unknowns retained,"canonical proposition, claims, show IDs, deduplication",Syndicated sources are not independent corroboration; identity quality governs denominator,5,5,4,5,5,4,3,92.0,90.4,94.8,Requires deterministic derivation or new adjudicated semantic artifact; see data_needed,Trust and publication gates in 01-goals-and-rubric.md apply before release
AGG-02-07,aggregations,Source-diverse claim cluster,deduplicated evidence families,"canonical proposition, claims, show IDs, deduplication",Syndicated sources are not independent corroboration; lineage must avoid duplicate inflation,5,5,4,5,5,4,4,93.6,91.6,96.0,Requires deterministic derivation or new adjudicated semantic artifact; see data_needed,Trust and publication gates in 01-goals-and-rubric.md apply before release
AGG-02-08,aggregations,Source-diverse claim cluster,raw plus normalized views,"canonical proposition, claims, show IDs, deduplication",Syndicated sources are not independent corroboration; raw explicitly diagnostic,5,5,4,5,5,4,4,93.6,91.6,96.0,Requires deterministic derivation or new adjudicated semantic artifact; see data_needed,Trust and publication gates in 01-goals-and-rubric.md apply before release
AGG-02-09,aggregations,Source-diverse claim cluster,revision-aware incremental update,"canonical proposition, claims, show IDs, deduplication",Syndicated sources are not independent corroboration; retractions recompute dependent aggregates,5,5,4,5,5,4,3,92.0,90.4,94.8,Requires deterministic derivation or new adjudicated semantic artifact; see data_needed,Trust and publication gates in 01-goals-and-rubric.md apply before release
AGG-02-10,aggregations,Source-diverse claim cluster,existing payload projection adapter,"canonical proposition, claims, show IDs, deduplication",Syndicated sources are not independent corroboration; compatibility first; cannot manufacture missing semantics,5,5,4,5,5,4,5,95.2,92.8,97.2,Requires deterministic derivation or new adjudicated semantic artifact; see data_needed,Trust and publication gates in 01-goals-and-rubric.md apply before release
AGG-03-01,aggregations,Proposition-specific opinion distribution,monthly default window,"stance target, one-person weighting, dates",Corpus respondents are not representative of whole industry; stable floor; slower than weekly detection,4,5,5,5,5,4,4,92.0,92.8,93.2,Requires deterministic derivation or new adjudicated semantic artifact; see data_needed,Trust and publication gates in 01-goals-and-rubric.md apply before release
AGG-03-02,aggregations,Proposition-specific opinion distribution,weekly with minimum coverage,"stance target, one-person weighting, dates",Corpus respondents are not representative of whole industry; suppressed below defined sample support,4,5,4,5,5,4,3,87.6,86.8,90.4,Requires deterministic derivation or new adjudicated semantic artifact; see data_needed,Trust and publication gates in 01-goals-and-rubric.md apply before release
AGG-03-03,aggregations,Proposition-specific opinion distribution,rolling comparable 90-day windows,"stance target, one-person weighting, dates",Corpus respondents are not representative of whole industry; not calendar-month peak versus rolling quarter,4,5,4,5,5,4,3,87.6,86.8,90.4,Requires deterministic derivation or new adjudicated semantic artifact; see data_needed,Trust and publication gates in 01-goals-and-rubric.md apply before release
AGG-03-04,aggregations,Proposition-specific opinion distribution,per-show macro with pooled comparison,"stance target, one-person weighting, dates",Corpus respondents are not representative of whole industry; show weighting disclosed,4,5,4,5,5,4,3,87.6,86.8,90.4,Requires deterministic derivation or new adjudicated semantic artifact; see data_needed,Trust and publication gates in 01-goals-and-rubric.md apply before release
AGG-03-05,aggregations,Proposition-specific opinion distribution,matched-source cohort,"stance target, one-person weighting, dates",Corpus respondents are not representative of whole industry; less breadth but clearer temporal comparisons,4,5,4,5,5,4,2,86.0,85.6,89.2,Requires deterministic derivation or new adjudicated semantic artifact; see data_needed,Trust and publication gates in 01-goals-and-rubric.md apply before release
AGG-03-06,aggregations,Proposition-specific opinion distribution,per-voice weighting with unknowns retained,"stance target, one-person weighting, dates",Corpus respondents are not representative of whole industry; identity quality governs denominator,4,5,4,5,5,4,2,86.0,85.6,89.2,Requires deterministic derivation or new adjudicated semantic artifact; see data_needed,Trust and publication gates in 01-goals-and-rubric.md apply before release
AGG-03-07,aggregations,Proposition-specific opinion distribution,deduplicated evidence families,"stance target, one-person weighting, dates",Corpus respondents are not representative of whole industry; lineage must avoid duplicate inflation,4,5,4,5,5,4,3,87.6,86.8,90.4,Requires deterministic derivation or new adjudicated semantic artifact; see data_needed,Trust and publication gates in 01-goals-and-rubric.md apply before release
AGG-03-08,aggregations,Proposition-specific opinion distribution,raw plus normalized views,"stance target, one-person weighting, dates",Corpus respondents are not representative of whole industry; raw explicitly diagnostic,4,5,4,5,5,4,3,87.6,86.8,90.4,Requires deterministic derivation or new adjudicated semantic artifact; see data_needed,Trust and publication gates in 01-goals-and-rubric.md apply before release
AGG-03-09,aggregations,Proposition-specific opinion distribution,revision-aware incremental update,"stance target, one-person weighting, dates",Corpus respondents are not representative of whole industry; retractions recompute dependent aggregates,4,5,4,5,5,4,2,86.0,85.6,89.2,Requires deterministic derivation or new adjudicated semantic artifact; see data_needed,Trust and publication gates in 01-goals-and-rubric.md apply before release
AGG-03-10,aggregations,Proposition-specific opinion distribution,existing payload projection adapter,"stance target, one-person weighting, dates",Corpus respondents are not representative of whole industry; compatibility first; cannot manufacture missing semantics,4,5,4,5,5,4,4,89.2,88.0,91.6,Requires deterministic derivation or new adjudicated semantic artifact; see data_needed,Trust and publication gates in 01-goals-and-rubric.md apply before release
AGG-04-01,aggregations,Verified voice position history,monthly default window,"direct claim, proposition, publication time",Do not infer a reversal from unrelated questions; stable floor; slower than weekly detection,4,5,5,5,5,4,5,93.6,94.0,94.4,Requires deterministic derivation or new adjudicated semantic artifact; see data_needed,Trust and publication gates in 01-goals-and-rubric.md apply before release
AGG-04-02,aggregations,Verified voice position history,weekly with minimum coverage,"direct claim, proposition, publication time",Do not infer a reversal from unrelated questions; suppressed below defined sample support,4,5,4,5,5,4,4,89.2,88.0,91.6,Requires deterministic derivation or new adjudicated semantic artifact; see data_needed,Trust and publication gates in 01-goals-and-rubric.md apply before release
AGG-04-03,aggregations,Verified voice position history,rolling comparable 90-day windows,"direct claim, proposition, publication time",Do not infer a reversal from unrelated questions; not calendar-month peak versus rolling quarter,4,5,4,5,5,4,4,89.2,88.0,91.6,Requires deterministic derivation or new adjudicated semantic artifact; see data_needed,Trust and publication gates in 01-goals-and-rubric.md apply before release
AGG-04-04,aggregations,Verified voice position history,per-show macro with pooled comparison,"direct claim, proposition, publication time",Do not infer a reversal from unrelated questions; show weighting disclosed,4,5,4,5,5,4,4,89.2,88.0,91.6,Requires deterministic derivation or new adjudicated semantic artifact; see data_needed,Trust and publication gates in 01-goals-and-rubric.md apply before release
AGG-04-05,aggregations,Verified voice position history,matched-source cohort,"direct claim, proposition, publication time",Do not infer a reversal from unrelated questions; less breadth but clearer temporal comparisons,4,5,4,5,5,4,3,87.6,86.8,90.4,Requires deterministic derivation or new adjudicated semantic artifact; see data_needed,Trust and publication gates in 01-goals-and-rubric.md apply before release
AGG-04-06,aggregations,Verified voice position history,per-voice weighting with unknowns retained,"direct claim, proposition, publication time",Do not infer a reversal from unrelated questions; identity quality governs denominator,4,5,4,5,5,4,3,87.6,86.8,90.4,Requires deterministic derivation or new adjudicated semantic artifact; see data_needed,Trust and publication gates in 01-goals-and-rubric.md apply before release
AGG-04-07,aggregations,Verified voice position history,deduplicated evidence families,"direct claim, proposition, publication time",Do not infer a reversal from unrelated questions; lineage must avoid duplicate inflation,4,5,4,5,5,4,4,89.2,88.0,91.6,Requires deterministic derivation or new adjudicated semantic artifact; see data_needed,Trust and publication gates in 01-goals-and-rubric.md apply before release
AGG-04-08,aggregations,Verified voice position history,raw plus normalized views,"direct claim, proposition, publication time",Do not infer a reversal from unrelated questions; raw explicitly diagnostic,4,5,4,5,5,4,4,89.2,88.0,91.6,Requires deterministic derivation or new adjudicated semantic artifact; see data_needed,Trust and publication gates in 01-goals-and-rubric.md apply before release
AGG-04-09,aggregations,Verified voice position history,revision-aware incremental update,"direct claim, proposition, publication time",Do not infer a reversal from unrelated questions; retractions recompute dependent aggregates,4,5,4,5,5,4,3,87.6,86.8,90.4,Requires deterministic derivation or new adjudicated semantic artifact; see data_needed,Trust and publication gates in 01-goals-and-rubric.md apply before release
AGG-04-10,aggregations,Verified voice position history,existing payload projection adapter,"direct claim, proposition, publication time",Do not infer a reversal from unrelated questions; compatibility first; cannot manufacture missing semantics,4,5,4,5,5,4,5,90.8,89.2,92.8,Requires deterministic derivation or new adjudicated semantic artifact; see data_needed,Trust and publication gates in 01-goals-and-rubric.md apply before release
AGG-05-01,aggregations,"Coverage by source, stage, and month",monthly default window,"episode memberships, canonical source, applicable units","Coverage is prerequisite context, not the research conclusion; stable floor; slower than weekly detection",3,5,5,5,4,4,5,87.2,88.8,87.2,Requires deterministic derivation or new adjudicated semantic artifact; see data_needed,Trust and publication gates in 01-goals-and-rubric.md apply before release
AGG-05-02,aggregations,"Coverage by source, stage, and month",weekly with minimum coverage,"episode memberships, canonical source, applicable units","Coverage is prerequisite context, not the research conclusion; suppressed below defined sample support",3,5,4,5,4,4,5,84.4,84.0,85.6,Requires deterministic derivation or new adjudicated semantic artifact; see data_needed,Trust and publication gates in 01-goals-and-rubric.md apply before release
AGG-05-03,aggregations,"Coverage by source, stage, and month",rolling comparable 90-day windows,"episode memberships, canonical source, applicable units","Coverage is prerequisite context, not the research conclusion; not calendar-month peak versus rolling quarter",3,5,4,5,4,4,5,84.4,84.0,85.6,Requires deterministic derivation or new adjudicated semantic artifact; see data_needed,Trust and publication gates in 01-goals-and-rubric.md apply before release
AGG-05-04,aggregations,"Coverage by source, stage, and month",per-show macro with pooled comparison,"episode memberships, canonical source, applicable units","Coverage is prerequisite context, not the research conclusion; show weighting disclosed",3,5,4,5,5,4,5,86.4,85.6,88.4,Requires deterministic derivation or new adjudicated semantic artifact; see data_needed,Trust and publication gates in 01-goals-and-rubric.md apply before release
AGG-05-05,aggregations,"Coverage by source, stage, and month",matched-source cohort,"episode memberships, canonical source, applicable units","Coverage is prerequisite context, not the research conclusion; less breadth but clearer temporal comparisons",3,5,4,5,5,4,4,84.8,84.4,87.2,Requires deterministic derivation or new adjudicated semantic artifact; see data_needed,Trust and publication gates in 01-goals-and-rubric.md apply before release
AGG-05-06,aggregations,"Coverage by source, stage, and month",per-voice weighting with unknowns retained,"episode memberships, canonical source, applicable units","Coverage is prerequisite context, not the research conclusion; identity quality governs denominator",3,5,4,5,5,4,4,84.8,84.4,87.2,Requires deterministic derivation or new adjudicated semantic artifact; see data_needed,Trust and publication gates in 01-goals-and-rubric.md apply before release
AGG-05-07,aggregations,"Coverage by source, stage, and month",deduplicated evidence families,"episode memberships, canonical source, applicable units","Coverage is prerequisite context, not the research conclusion; lineage must avoid duplicate inflation",3,5,4,5,4,4,5,84.4,84.0,85.6,Requires deterministic derivation or new adjudicated semantic artifact; see data_needed,Trust and publication gates in 01-goals-and-rubric.md apply before release
AGG-05-08,aggregations,"Coverage by source, stage, and month",raw plus normalized views,"episode memberships, canonical source, applicable units","Coverage is prerequisite context, not the research conclusion; raw explicitly diagnostic",3,5,4,5,4,4,5,84.4,84.0,85.6,Requires deterministic derivation or new adjudicated semantic artifact; see data_needed,Trust and publication gates in 01-goals-and-rubric.md apply before release
AGG-05-09,aggregations,"Coverage by source, stage, and month",revision-aware incremental update,"episode memberships, canonical source, applicable units","Coverage is prerequisite context, not the research conclusion; retractions recompute dependent aggregates",3,5,4,5,4,4,4,82.8,82.8,84.4,Requires deterministic derivation or new adjudicated semantic artifact; see data_needed,Trust and publication gates in 01-goals-and-rubric.md apply before release
AGG-05-10,aggregations,"Coverage by source, stage, and month",existing payload projection adapter,"episode memberships, canonical source, applicable units","Coverage is prerequisite context, not the research conclusion; compatibility first; cannot manufacture missing semantics",3,5,4,5,4,4,5,84.4,84.0,85.6,Requires deterministic derivation or new adjudicated semantic artifact; see data_needed,Trust and publication gates in 01-goals-and-rubric.md apply before release
AGG-06-01,aggregations,Duplicate-aware evidence breadth,monthly default window,"excerpt hash, episode/source/voice IDs",Distinct source URLs can repeat one interview; stable floor; slower than weekly detection,4,5,5,5,4,4,5,91.6,92.4,91.6,Requires deterministic derivation or new adjudicated semantic artifact; see data_needed,Trust and publication gates in 01-goals-and-rubric.md apply before release
AGG-06-02,aggregations,Duplicate-aware evidence breadth,weekly with minimum coverage,"excerpt hash, episode/source/voice IDs",Distinct source URLs can repeat one interview; suppressed below defined sample support,4,5,4,5,4,4,5,88.8,87.6,90.0,Requires deterministic derivation or new adjudicated semantic artifact; see data_needed,Trust and publication gates in 01-goals-and-rubric.md apply before release
AGG-06-03,aggregations,Duplicate-aware evidence breadth,rolling comparable 90-day windows,"excerpt hash, episode/source/voice IDs",Distinct source URLs can repeat one interview; not calendar-month peak versus rolling quarter,4,5,4,5,4,4,5,88.8,87.6,90.0,Requires deterministic derivation or new adjudicated semantic artifact; see data_needed,Trust and publication gates in 01-goals-and-rubric.md apply before release
AGG-06-04,aggregations,Duplicate-aware evidence breadth,per-show macro with pooled comparison,"excerpt hash, episode/source/voice IDs",Distinct source URLs can repeat one interview; show weighting disclosed,4,5,4,5,5,4,5,90.8,89.2,92.8,Requires deterministic derivation or new adjudicated semantic artifact; see data_needed,Trust and publication gates in 01-goals-and-rubric.md apply before release
AGG-06-05,aggregations,Duplicate-aware evidence breadth,matched-source cohort,"excerpt hash, episode/source/voice IDs",Distinct source URLs can repeat one interview; less breadth but clearer temporal comparisons,4,5,4,5,5,4,4,89.2,88.0,91.6,Requires deterministic derivation or new adjudicated semantic artifact; see data_needed,Trust and publication gates in 01-goals-and-rubric.md apply before release
AGG-06-06,aggregations,Duplicate-aware evidence breadth,per-voice weighting with unknowns retained,"excerpt hash, episode/source/voice IDs",Distinct source URLs can repeat one interview; identity quality governs denominator,4,5,4,5,5,4,4,89.2,88.0,91.6,Requires deterministic derivation or new adjudicated semantic artifact; see data_needed,Trust and publication gates in 01-goals-and-rubric.md apply before release
AGG-06-07,aggregations,Duplicate-aware evidence breadth,deduplicated evidence families,"excerpt hash, episode/source/voice IDs",Distinct source URLs can repeat one interview; lineage must avoid duplicate inflation,4,5,4,5,4,4,5,88.8,87.6,90.0,Requires deterministic derivation or new adjudicated semantic artifact; see data_needed,Trust and publication gates in 01-goals-and-rubric.md apply before release
AGG-06-08,aggregations,Duplicate-aware evidence breadth,raw plus normalized views,"excerpt hash, episode/source/voice IDs",Distinct source URLs can repeat one interview; raw explicitly diagnostic,4,5,4,5,4,4,5,88.8,87.6,90.0,Requires deterministic derivation or new adjudicated semantic artifact; see data_needed,Trust and publication gates in 01-goals-and-rubric.md apply before release
AGG-06-09,aggregations,Duplicate-aware evidence breadth,revision-aware incremental update,"excerpt hash, episode/source/voice IDs",Distinct source URLs can repeat one interview; retractions recompute dependent aggregates,4,5,4,5,4,4,4,87.2,86.4,88.8,Requires deterministic derivation or new adjudicated semantic artifact; see data_needed,Trust and publication gates in 01-goals-and-rubric.md apply before release
AGG-06-10,aggregations,Duplicate-aware evidence breadth,existing payload projection adapter,"excerpt hash, episode/source/voice IDs",Distinct source URLs can repeat one interview; compatibility first; cannot manufacture missing semantics,4,5,4,5,4,4,5,88.8,87.6,90.0,Requires deterministic derivation or new adjudicated semantic artifact; see data_needed,Trust and publication gates in 01-goals-and-rubric.md apply before release
AGG-07-01,aggregations,Freshness and revision change ledger,monthly default window,"publication/build/revision times, supersedes IDs","Distinguish new evidence, backfill, corrections, and UI changes; stable floor; slower than weekly detection",4,5,5,5,4,4,5,91.6,92.4,91.6,Requires deterministic derivation or new adjudicated semantic artifact; see data_needed,Trust and publication gates in 01-goals-and-rubric.md apply before release
AGG-07-02,aggregations,Freshness and revision change ledger,weekly with minimum coverage,"publication/build/revision times, supersedes IDs","Distinguish new evidence, backfill, corrections, and UI changes; suppressed below defined sample support",4,5,4,5,4,4,4,87.2,86.4,88.8,Requires deterministic derivation or new adjudicated semantic artifact; see data_needed,Trust and publication gates in 01-goals-and-rubric.md apply before release
AGG-07-03,aggregations,Freshness and revision change ledger,rolling comparable 90-day windows,"publication/build/revision times, supersedes IDs","Distinguish new evidence, backfill, corrections, and UI changes; not calendar-month peak versus rolling quarter",4,5,4,5,4,4,4,87.2,86.4,88.8,Requires deterministic derivation or new adjudicated semantic artifact; see data_needed,Trust and publication gates in 01-goals-and-rubric.md apply before release
AGG-07-04,aggregations,Freshness and revision change ledger,per-show macro with pooled comparison,"publication/build/revision times, supersedes IDs","Distinguish new evidence, backfill, corrections, and UI changes; show weighting disclosed",4,5,4,5,5,4,4,89.2,88.0,91.6,Requires deterministic derivation or new adjudicated semantic artifact; see data_needed,Trust and publication gates in 01-goals-and-rubric.md apply before release
AGG-07-05,aggregations,Freshness and revision change ledger,matched-source cohort,"publication/build/revision times, supersedes IDs","Distinguish new evidence, backfill, corrections, and UI changes; less breadth but clearer temporal comparisons",4,5,4,5,5,4,3,87.6,86.8,90.4,Requires deterministic derivation or new adjudicated semantic artifact; see data_needed,Trust and publication gates in 01-goals-and-rubric.md apply before release
AGG-07-06,aggregations,Freshness and revision change ledger,per-voice weighting with unknowns retained,"publication/build/revision times, supersedes IDs","Distinguish new evidence, backfill, corrections, and UI changes; identity quality governs denominator",4,5,4,5,5,4,3,87.6,86.8,90.4,Requires deterministic derivation or new adjudicated semantic artifact; see data_needed,Trust and publication gates in 01-goals-and-rubric.md apply before release
AGG-07-07,aggregations,Freshness and revision change ledger,deduplicated evidence families,"publication/build/revision times, supersedes IDs","Distinguish new evidence, backfill, corrections, and UI changes; lineage must avoid duplicate inflation",4,5,4,5,4,4,4,87.2,86.4,88.8,Requires deterministic derivation or new adjudicated semantic artifact; see data_needed,Trust and publication gates in 01-goals-and-rubric.md apply before release
AGG-07-08,aggregations,Freshness and revision change ledger,raw plus normalized views,"publication/build/revision times, supersedes IDs","Distinguish new evidence, backfill, corrections, and UI changes; raw explicitly diagnostic",4,5,4,5,4,4,4,87.2,86.4,88.8,Requires deterministic derivation or new adjudicated semantic artifact; see data_needed,Trust and publication gates in 01-goals-and-rubric.md apply before release
AGG-07-09,aggregations,Freshness and revision change ledger,revision-aware incremental update,"publication/build/revision times, supersedes IDs","Distinguish new evidence, backfill, corrections, and UI changes; retractions recompute dependent aggregates",4,5,4,5,4,4,3,85.6,85.2,87.6,Requires deterministic derivation or new adjudicated semantic artifact; see data_needed,Trust and publication gates in 01-goals-and-rubric.md apply before release
AGG-07-10,aggregations,Freshness and revision change ledger,existing payload projection adapter,"publication/build/revision times, supersedes IDs","Distinguish new evidence, backfill, corrections, and UI changes; compatibility first; cannot manufacture missing semantics",4,5,4,5,4,4,5,88.8,87.6,90.0,Requires deterministic derivation or new adjudicated semantic artifact; see data_needed,Trust and publication gates in 01-goals-and-rubric.md apply before release
AGG-08-01,aggregations,Typed inter-issue dependency rollup,monthly default window,approved causal/support/conflict edges,Requires adjudication beyond co-occurrence; stable floor; slower than weekly detection,5,4,4,5,5,4,3,87.6,86.0,90.0,Requires deterministic derivation or new adjudicated semantic artifact; see data_needed,Trust and publication gates in 01-goals-and-rubric.md apply before release
AGG-08-02,aggregations,Typed inter-issue dependency rollup,weekly with minimum coverage,approved causal/support/conflict edges,Requires adjudication beyond co-occurrence; suppressed below defined sample support,5,4,3,5,5,4,2,83.2,80.0,87.2,Requires deterministic derivation or new adjudicated semantic artifact; see data_needed,Trust and publication gates in 01-goals-and-rubric.md apply before release
AGG-08-03,aggregations,Typed inter-issue dependency rollup,rolling comparable 90-day windows,approved causal/support/conflict edges,Requires adjudication beyond co-occurrence; not calendar-month peak versus rolling quarter,5,5,3,5,5,4,2,87.6,84.4,92.0,Requires deterministic derivation or new adjudicated semantic artifact; see data_needed,Trust and publication gates in 01-goals-and-rubric.md apply before release
AGG-08-04,aggregations,Typed inter-issue dependency rollup,per-show macro with pooled comparison,approved causal/support/conflict edges,Requires adjudication beyond co-occurrence; show weighting disclosed,5,5,3,5,5,4,2,87.6,84.4,92.0,Requires deterministic derivation or new adjudicated semantic artifact; see data_needed,Trust and publication gates in 01-goals-and-rubric.md apply before release
AGG-08-05,aggregations,Typed inter-issue dependency rollup,matched-source cohort,approved causal/support/conflict edges,Requires adjudication beyond co-occurrence; less breadth but clearer temporal comparisons,5,5,3,5,5,4,1,86.0,83.2,90.8,Requires deterministic derivation or new adjudicated semantic artifact; see data_needed,Trust and publication gates in 01-goals-and-rubric.md apply before release
AGG-08-06,aggregations,Typed inter-issue dependency rollup,per-voice weighting with unknowns retained,approved causal/support/conflict edges,Requires adjudication beyond co-occurrence; identity quality governs denominator,5,5,3,5,5,4,1,86.0,83.2,90.8,Requires deterministic derivation or new adjudicated semantic artifact; see data_needed,Trust and publication gates in 01-goals-and-rubric.md apply before release
AGG-08-07,aggregations,Typed inter-issue dependency rollup,deduplicated evidence families,approved causal/support/conflict edges,Requires adjudication beyond co-occurrence; lineage must avoid duplicate inflation,5,5,3,5,5,4,2,87.6,84.4,92.0,Requires deterministic derivation or new adjudicated semantic artifact; see data_needed,Trust and publication gates in 01-goals-and-rubric.md apply before release
AGG-08-08,aggregations,Typed inter-issue dependency rollup,raw plus normalized views,approved causal/support/conflict edges,Requires adjudication beyond co-occurrence; raw explicitly diagnostic,5,4,3,5,5,4,2,83.2,80.0,87.2,Requires deterministic derivation or new adjudicated semantic artifact; see data_needed,Trust and publication gates in 01-goals-and-rubric.md apply before release
AGG-08-09,aggregations,Typed inter-issue dependency rollup,revision-aware incremental update,approved causal/support/conflict edges,Requires adjudication beyond co-occurrence; retractions recompute dependent aggregates,5,5,3,5,5,4,1,86.0,83.2,90.8,Requires deterministic derivation or new adjudicated semantic artifact; see data_needed,Trust and publication gates in 01-goals-and-rubric.md apply before release
AGG-08-10,aggregations,Typed inter-issue dependency rollup,existing payload projection adapter,approved causal/support/conflict edges,Requires adjudication beyond co-occurrence; compatibility first; cannot manufacture missing semantics,5,4,3,5,5,4,3,84.8,81.2,88.4,Requires deterministic derivation or new adjudicated semantic artifact; see data_needed,Trust and publication gates in 01-goals-and-rubric.md apply before release
AGG-09-01,aggregations,Domain-specific expertise synthesis,monthly default window,"biography/role evidence, domain, date, evaluated basis",Avoid single universal authority score; stable floor; slower than weekly detection,4,5,5,5,5,4,3,90.4,91.6,92.0,Requires deterministic derivation or new adjudicated semantic artifact; see data_needed,Trust and publication gates in 01-goals-and-rubric.md apply before release
AGG-09-02,aggregations,Domain-specific expertise synthesis,weekly with minimum coverage,"biography/role evidence, domain, date, evaluated basis",Avoid single universal authority score; suppressed below defined sample support,4,5,4,5,5,4,2,86.0,85.6,89.2,Requires deterministic derivation or new adjudicated semantic artifact; see data_needed,Trust and publication gates in 01-goals-and-rubric.md apply before release
AGG-09-03,aggregations,Domain-specific expertise synthesis,rolling comparable 90-day windows,"biography/role evidence, domain, date, evaluated basis",Avoid single universal authority score; not calendar-month peak versus rolling quarter,4,5,4,5,5,4,2,86.0,85.6,89.2,Requires deterministic derivation or new adjudicated semantic artifact; see data_needed,Trust and publication gates in 01-goals-and-rubric.md apply before release
AGG-09-04,aggregations,Domain-specific expertise synthesis,per-show macro with pooled comparison,"biography/role evidence, domain, date, evaluated basis",Avoid single universal authority score; show weighting disclosed,4,5,4,5,5,4,2,86.0,85.6,89.2,Requires deterministic derivation or new adjudicated semantic artifact; see data_needed,Trust and publication gates in 01-goals-and-rubric.md apply before release
AGG-09-05,aggregations,Domain-specific expertise synthesis,matched-source cohort,"biography/role evidence, domain, date, evaluated basis",Avoid single universal authority score; less breadth but clearer temporal comparisons,4,5,4,5,5,4,1,84.4,84.4,88.0,Requires deterministic derivation or new adjudicated semantic artifact; see data_needed,Trust and publication gates in 01-goals-and-rubric.md apply before release
AGG-09-06,aggregations,Domain-specific expertise synthesis,per-voice weighting with unknowns retained,"biography/role evidence, domain, date, evaluated basis",Avoid single universal authority score; identity quality governs denominator,4,5,4,5,5,4,1,84.4,84.4,88.0,Requires deterministic derivation or new adjudicated semantic artifact; see data_needed,Trust and publication gates in 01-goals-and-rubric.md apply before release
AGG-09-07,aggregations,Domain-specific expertise synthesis,deduplicated evidence families,"biography/role evidence, domain, date, evaluated basis",Avoid single universal authority score; lineage must avoid duplicate inflation,4,5,4,5,5,4,2,86.0,85.6,89.2,Requires deterministic derivation or new adjudicated semantic artifact; see data_needed,Trust and publication gates in 01-goals-and-rubric.md apply before release
AGG-09-08,aggregations,Domain-specific expertise synthesis,raw plus normalized views,"biography/role evidence, domain, date, evaluated basis",Avoid single universal authority score; raw explicitly diagnostic,4,5,4,5,5,4,2,86.0,85.6,89.2,Requires deterministic derivation or new adjudicated semantic artifact; see data_needed,Trust and publication gates in 01-goals-and-rubric.md apply before release
AGG-09-09,aggregations,Domain-specific expertise synthesis,revision-aware incremental update,"biography/role evidence, domain, date, evaluated basis",Avoid single universal authority score; retractions recompute dependent aggregates,4,5,4,5,5,4,1,84.4,84.4,88.0,Requires deterministic derivation or new adjudicated semantic artifact; see data_needed,Trust and publication gates in 01-goals-and-rubric.md apply before release
AGG-09-10,aggregations,Domain-specific expertise synthesis,existing payload projection adapter,"biography/role evidence, domain, date, evaluated basis",Avoid single universal authority score; compatibility first; cannot manufacture missing semantics,4,5,4,5,5,4,3,87.6,86.8,90.4,Requires deterministic derivation or new adjudicated semantic artifact; see data_needed,Trust and publication gates in 01-goals-and-rubric.md apply before release
AGG-10-01,aggregations,Raw mentions and popularity totals,monthly default window,legacy labels and counts,Cheap and available but amplifies sampling and duplication; stable floor; slower than weekly detection,2,2,4,4,3,3,5,60.0,61.2,58.8,Requires deterministic derivation or new adjudicated semantic artifact; see data_needed,Trust and publication gates in 01-goals-and-rubric.md apply before release
AGG-10-02,aggregations,Raw mentions and popularity totals,weekly with minimum coverage,legacy labels and counts,Cheap and available but amplifies sampling and duplication; suppressed below defined sample support,2,2,3,5,3,3,5,60.0,58.4,61.2,Requires deterministic derivation or new adjudicated semantic artifact; see data_needed,Trust and publication gates in 01-goals-and-rubric.md apply before release
AGG-10-03,aggregations,Raw mentions and popularity totals,rolling comparable 90-day windows,legacy labels and counts,Cheap and available but amplifies sampling and duplication; not calendar-month peak versus rolling quarter,2,3,3,4,3,3,5,61.6,60.8,62.0,Requires deterministic derivation or new adjudicated semantic artifact; see data_needed,Trust and publication gates in 01-goals-and-rubric.md apply before release
AGG-10-04,aggregations,Raw mentions and popularity totals,per-show macro with pooled comparison,legacy labels and counts,Cheap and available but amplifies sampling and duplication; show weighting disclosed,2,3,3,4,4,3,5,63.6,62.4,64.8,Requires deterministic derivation or new adjudicated semantic artifact; see data_needed,Trust and publication gates in 01-goals-and-rubric.md apply before release
AGG-10-05,aggregations,Raw mentions and popularity totals,matched-source cohort,legacy labels and counts,Cheap and available but amplifies sampling and duplication; less breadth but clearer temporal comparisons,2,3,3,4,4,3,4,62.0,61.2,63.6,Requires deterministic derivation or new adjudicated semantic artifact; see data_needed,Trust and publication gates in 01-goals-and-rubric.md apply before release
AGG-10-06,aggregations,Raw mentions and popularity totals,per-voice weighting with unknowns retained,legacy labels and counts,Cheap and available but amplifies sampling and duplication; identity quality governs denominator,2,3,3,4,4,3,4,62.0,61.2,63.6,Requires deterministic derivation or new adjudicated semantic artifact; see data_needed,Trust and publication gates in 01-goals-and-rubric.md apply before release
AGG-10-07,aggregations,Raw mentions and popularity totals,deduplicated evidence families,legacy labels and counts,Cheap and available but amplifies sampling and duplication; lineage must avoid duplicate inflation,2,3,3,4,3,3,5,61.6,60.8,62.0,Requires deterministic derivation or new adjudicated semantic artifact; see data_needed,Trust and publication gates in 01-goals-and-rubric.md apply before release
AGG-10-08,aggregations,Raw mentions and popularity totals,raw plus normalized views,legacy labels and counts,Cheap and available but amplifies sampling and duplication; raw explicitly diagnostic,2,2,3,5,3,3,5,60.0,58.4,61.2,Requires deterministic derivation or new adjudicated semantic artifact; see data_needed,Trust and publication gates in 01-goals-and-rubric.md apply before release
AGG-10-09,aggregations,Raw mentions and popularity totals,revision-aware incremental update,legacy labels and counts,Cheap and available but amplifies sampling and duplication; retractions recompute dependent aggregates,2,3,3,5,3,3,4,62.8,61.6,64.8,Requires deterministic derivation or new adjudicated semantic artifact; see data_needed,Trust and publication gates in 01-goals-and-rubric.md apply before release
AGG-10-10,aggregations,Raw mentions and popularity totals,existing payload projection adapter,legacy labels and counts,Cheap and available but amplifies sampling and duplication; compatibility first; cannot manufacture missing semantics,2,2,3,4,3,3,5,57.2,56.4,57.2,Requires deterministic derivation or new adjudicated semantic artifact; see data_needed,Trust and publication gates in 01-goals-and-rubric.md apply before release
